datetime,machineID,volt,rotate,pressure,vibration,model,age,error_type,failure_type,volt_mean_24h,volt_std_24h,rotate_mean_24h,rotate_std_24h,pressure_mean_24h,pressure_std_24h,vibration_mean_24h,vibration_std_24h,is_broken
2015-10-14 22:00:00,30,184.130946157959,484.932765809353,102.672496908017,40.6697922281977,model3,20,,,171.9533046599739,16.07219816390477,444.62631707996553,47.36664320628041,97.91689463891896,12.203727100183135,41.842619280724215,5.563255849689758,0
2015-03-12 04:00:00,18,164.653259889965,422.195925525684,95.2675264144401,38.4421152592203,model3,15,,,171.30441222032582,16.100685834800085,436.9570842251707,50.93099815222104,100.55437845630765,10.560411655169403,39.39310132244534,4.530549985552216,0
2015-01-05 08:00:00,51,170.019704541444,444.837660449751,93.1573738910553,41.5084746493299,model4,19,,,168.11804011561316,11.525018426089506,463.1830699741995,63.185316770522284,102.3508003509482,8.85328109089667,40.301269283990585,4.401898715955994,0
2015-04-17 14:00:00,28,167.570907093246,525.981415727224,92.6636129090342,52.7404047562884,model4,1,,,170.06956037795234,17.66270234662275,450.6015373367814,44.28117985654833,98.00778261595904,8.584129912342842,40.97381171543265,5.129399242859452,0
2015-11-02 13:00:00,81,185.863450607203,508.377137819271,120.372834255681,43.5100457633064,model4,1,,,167.25219301221352,14.808267376734712,459.12216869625325,55.98642337605454,102.45634534532508,10.243597469662372,37.63613552867894,4.715316373974382,0
2015-05-27 20:00:00,50,176.961750543014,418.407001842431,126.070821105862,46.827640054824,model4,4,,,170.16630175594617,17.583013085874477,461.83450804188647,46.08812459433286,98.24757856982563,12.084456340928153,41.19709097772189,4.088161356007774,0
2015-07-11 00:00:00,95,183.340696711031,519.965879977321,100.197963353222,29.2230896171905,model2,18,,,173.82780274536992,14.66491749741302,447.876945604828,49.45878414797232,100.80975480196815,9.211496072077551,40.34745121810487,4.079312702919973,0
2015-06-03 10:00:00,63,169.893283535739,296.116649254959,94.7799333690026,42.9778764882824,model4,14,,,169.22594311421335,11.856747278622189,442.1153572789714,57.4441565870503,102.9655017584954,10.032504137927964,40.03154583892526,4.932162335038976,0
2015-05-15 17:00:00,59,184.531379418136,416.43450652498,99.1930127579929,48.1327560286702,model3,17,,,167.19683517152927,15.21142620452128,443.4908789384162,40.99688502497288,98.89043550261636,10.17231837280164,41.12104580394284,4.618684394967683,0
2015-11-20 21:00:00,8,163.589413635008,414.183332266893,98.988010609357,41.0549558080707,model3,16,,,166.1255946089837,17.031478614175303,452.9294509592007,56.93959660775048,96.53343963518064,9.022489257435344,40.05106904583662,5.289853735016552,0
2015-11-29 11:00:00,24,148.796200030348,516.6003786761,96.3231862245076,33.7414794850675,model1,20,,,171.02960009100616,14.400500214653954,457.0517229613935,50.80194284813505,98.46707257615128,9.298141442893744,39.98555303293522,4.323573800107251,0
2015-05-12 12:00:00,35,151.480730740159,385.517352360105,111.82973967779,35.7722426788624,model1,17,,,169.14307753137138,15.40200810585194,443.3127927399881,49.25930361123408,101.78398246849076,7.9219193294898895,39.26714582520081,6.555297687554914,0
2015-09-05 21:00:00,17,150.788927265629,444.546260727234,111.120098010324,43.506684507821,model1,14,,,167.3943420565522,11.994832304412537,441.4617440389165,55.798122298681385,98.27091675187326,9.144750263215409,41.27077112435818,4.3872190265663376,0
2015-12-12 03:00:00,100,195.705464949971,477.234828513937,107.608876997325,35.2976206041114,model4,5,,,174.47140554593216,17.180338626381722,454.3743572796873,39.85366223945377,102.42860386148496,12.086783438174743,39.19090269458959,5.150826431156961,0
2015-08-24 15:00:00,63,147.813442008098,508.43905644265,106.260416335327,35.0169238605204,model4,14,,,167.18128209408383,16.895024551912062,444.1945110655162,50.4002788077599,102.07006527820472,8.09339607774437,40.71717822736514,4.961680716547309,0
2015-03-17 11:00:00,82,170.647625383258,515.14813787412,103.040669727371,40.5003778872436,model3,11,,,172.18729656554046,14.035174584107269,458.4004570141631,55.439287675169176,104.7146128463634,8.92123371014264,39.2206773944132,4.00967211065796,0
2015-09-29 11:00:00,58,216.519393126866,510.522999438815,109.872486286673,36.378583716262,model1,5,,,183.77435248158656,18.362389103180828,445.4517352056107,47.08041886064824,103.43527781124249,11.07254843246147,38.828460529719074,4.118346399416229,0
2015-10-06 16:00:00,84,197.421702933232,465.127348787926,94.3925893326313,40.4570121207045,model3,9,,,171.14779350284607,15.607093209058322,432.1518801981624,50.242189669888496,102.9757803928074,9.073802946680177,40.49928358259205,4.805585210541493,0
2015-03-21 16:00:00,25,151.020879005893,452.612958522446,111.997648445792,41.4125904259023,model4,16,,,172.45613030123732,14.761593643289594,446.8408683086488,55.96216886293731,101.32991816533011,11.058794497775136,40.105938424420536,4.562843821755677,0
2015-02-22 12:00:00,78,157.512326708927,454.092906898632,97.772532614813,44.3419588914212,model4,19,,,167.56991595845668,16.143797318847206,468.4084317548477,50.11707664924653,98.2649100302214,9.74502002199548,39.013469335453095,3.865908458681959,0
2015-10-13 22:00:00,85,169.63142638513,428.257104968832,115.646903413588,31.6154163059561,model1,16,,,171.01279951663813,15.960513570285253,438.7381471403924,51.09958685525808,98.60960987429488,10.69289521864451,38.99989225504981,5.998510106638452,0
2015-05-31 07:00:00,56,167.891589422441,418.842192899433,98.5519502320112,38.9421548454126,model1,10,,,170.058370874477,18.905634043860893,450.8458562313838,43.94384749880633,100.0434784411457,9.19055851354331,38.72798777649776,5.533877669845327,0
2015-11-23 00:00:00,18,161.084361082603,359.240061336962,111.052486803589,33.0554226480811,model3,15,,,165.56714284508152,13.799648073931149,456.5915639929537,48.06799809229236,103.37914993996942,9.226204434336507,39.60164050648395,5.883818623337174,0
2015-07-25 17:00:00,49,188.678098356092,434.199036454669,86.3422798240635,51.4605147394292,model1,15,,,162.49685893997446,12.634732014187229,431.3618475271367,39.56713456600468,98.1136249582254,9.826498405643004,49.70847080697009,4.662018460326013,0
2015-10-05 07:00:00,4,192.956737723293,419.954404641994,104.101125023046,29.4234215854423,model3,7,,,175.4580085198484,16.725475856018114,460.1883830712654,48.09604729776988,103.28266198225332,9.881704789922784,40.70363043665031,6.4980447689011935,0
2015-12-01 08:00:00,51,170.904009923709,480.004164557072,112.448537963656,38.8618125221297,model4,19,,,171.62107409314706,20.22935147681171,443.1654108066887,61.09213062002053,96.38150883699966,8.87657950641897,40.30811199469999,5.550056352680861,0
2015-04-24 08:00:00,7,158.213982915369,466.633908424034,113.007459253864,42.9006629225138,model3,20,,,191.09410421009963,16.710956150923156,444.705390940009,51.76392183366582,101.76209817665104,8.555061325937691,40.2729970589204,5.611958762692073,0
2015-01-29 08:00:00,65,167.449997116236,459.373759707677,92.6800411680794,41.0295948493249,model3,15,,,172.6426651008652,17.314194198519967,441.8454348672028,46.17899002058568,100.89086318755896,9.86457748546492,38.35234769988853,4.887696171188178,0
2015-01-13 10:00:00,57,188.543189811078,491.232041155317,117.269915063893,33.8792153924872,model4,10,,,171.5391046180782,18.452580193651404,448.59876712029495,54.58068171072834,98.35672240386428,10.945545902017733,40.16022253146071,4.555628009979163,0
2015-02-19 00:00:00,8,189.001222317933,441.671919124352,109.294906782166,59.0143548684912,model3,16,,,168.73425211628208,15.626733097852991,449.1654988342089,35.01070432595235,100.74371482601904,9.718321641433224,47.86538756989506,4.462435649431497,0
2015-09-13 19:00:00,79,169.952308264871,264.538228225752,103.225660413439,34.8719086590117,model3,14,,,170.00062022104208,15.607185143968085,362.9500657604296,47.90805082115813,101.82810084230672,11.929800303727424,38.46619086004028,6.878693342829383,0
2015-10-03 07:00:00,96,164.033293778452,438.943840363128,117.824010373243,26.9822112500601,model2,10,,,168.05288828247762,17.31613622009361,446.7677663238392,46.61360441801047,101.85472364024145,10.27125291971484,39.94232083687122,6.180838319988859,0
2015-10-09 06:00:00,72,157.252356790295,535.015457652233,108.768779383074,40.3821360781939,model4,2,,,171.12959015832806,13.190710182196703,442.531014987949,44.42180744883797,101.25867783825667,9.596142487252468,37.76787876523648,4.511792252659518,0
2015-09-24 13:00:00,22,175.242276702878,491.288093455224,81.9053007516991,33.0725964613342,model1,14,,,168.76753778317786,12.51353209585221,456.48784590469353,34.23880767875904,99.2934578821946,9.266301337606468,40.91419376149137,5.188337358016256,0
2015-11-15 17:00:00,21,171.964411191158,517.547354293025,96.6095535126928,54.0556259688058,model2,14,,,167.49669397418768,17.437694462495635,448.09942894972136,56.023619063374525,100.70564143118924,6.670098156789559,41.56771101063687,5.601534889366655,0
2015-02-08 04:00:00,75,189.21848712159,427.949762025772,106.558221138284,41.0813099691859,model3,19,,,172.87362555360008,18.188351988775256,455.2261146458043,48.881794049995534,100.8621922237869,9.986966686741086,39.532051121979656,5.327651311117458,0
2015-03-23 22:00:00,98,177.21205822843,365.204623098537,86.5067336984473,44.2514607309461,model2,20,,,173.3687124753609,15.2320060223575,449.4624166696445,61.77693779431885,97.05533420479264,13.282244298925129,39.45781470495381,6.735374896527125,0
2015-07-26 21:00:00,51,185.136420209672,470.202515664656,112.467251249534,39.3511405767594,model4,19,,,171.04746262952372,12.800978255552405,442.7757766009384,47.29644728671893,100.04420746431676,10.558094189711314,38.99772562933155,3.795476971010169,0
2015-01-21 01:00:00,66,199.019448199073,525.643481322638,108.463991778894,39.9434703417723,model4,6,,,168.13525557185991,17.659383290465076,455.54742897947335,45.71047730793301,99.09782023967144,10.398084490898189,40.029036939853206,4.515080607370856,0
2015-10-16 20:00:00,34,170.210443404543,333.554220856719,96.1924999670742,32.1671491268818,model4,10,,,169.71785052004785,15.464204433213505,456.11159864723305,58.30124606460401,98.02446595746902,9.765311519521749,40.02408344454194,4.821459951100347,0
2015-03-29 21:00:00,60,161.024427092198,317.10904449631,83.5427660878148,38.4153627781338,model4,3,,,171.38770265311362,13.721207531114931,447.4214231621461,65.29399905250246,100.71140627017884,10.855895532363752,38.49100772140703,5.724784672344807,0
2015-10-10 15:00:00,50,182.718237496846,427.578493430288,103.792874296677,49.4809216156975,model4,4,,,174.48224141949515,17.839215284883064,430.0660090571269,52.158828764179255,102.15960034620792,11.343219526376854,45.48704418455938,7.484477465097841,0
2015-02-05 11:00:00,99,157.788207544394,376.892591074124,105.120364662957,38.3999381898411,model1,14,,,170.46095138239687,14.927852946267652,437.9010498755389,51.39641595053703,99.50374928214455,10.563509746175582,39.68257975568413,5.484705852639088,0
2015-08-07 02:00:00,84,175.44510728607,436.064638124645,89.7523262064131,45.5592433125288,model3,9,,,167.95298552282983,16.666533422034817,445.5707487652692,47.62501400156172,102.68124879036375,11.141048102826575,49.328691553197245,6.332281981026395,0
2015-07-27 09:00:00,8,178.664286121873,425.288939388591,101.659181269134,51.2482622836626,model3,16,,,177.15520358283163,17.262376078360873,447.1791990539535,42.83657605070328,97.37449954220092,7.858018189151839,40.73149857443895,5.038224466668553,0
2015-01-28 00:00:00,29,176.773309953699,479.382969086794,111.268102357675,27.0971476991803,model4,3,,,168.68440379686209,16.40859604351988,439.3864711670357,45.84805466586897,100.4953803237044,9.439784322773384,40.4277736286508,5.168674351635668,0
2015-06-24 17:00:00,65,179.47927474768,460.010330754463,105.567935779792,39.0660990776729,model3,15,,,167.3990807688065,14.940279907937748,445.92332833437376,48.40260236322453,99.01204736938448,9.43621490099908,39.98064592930863,5.03791587601834,0
2015-03-04 07:00:00,56,163.792817217319,362.135140256336,83.8604696966335,47.5669129028365,model1,10,,,168.98793068535886,12.744387083322383,448.4793145669267,52.69256812895124,98.01317116872588,10.924902915910128,40.911578655895234,4.774437419604017,0
2015-10-17 13:00:00,49,176.290233809982,455.7755520697,110.335597263328,40.3982973163678,model1,15,,,166.08447425212233,15.461301456042932,461.2365468998875,41.651572321296605,101.79001483819336,8.650511880454165,38.23012322482354,5.632533744161569,0
2015-07-21 13:00:00,73,174.745299572251,436.354175583899,110.991854515813,38.5413333226518,model2,20,,,172.08328415058256,13.540935315626513,443.1918444672969,37.71549757776669,97.8516743333788,9.099247534041943,40.48381270403144,5.9690696608978975,0
2015-11-05 19:00:00,94,172.373618271978,455.122977983162,100.136878170705,40.9919249916338,model2,18,,,173.3464002071101,17.431111630171465,451.2060136371402,42.26436495075499,101.52956667117382,10.97624912081017,40.886799674690906,4.476495791461041,0
2015-06-27 00:00:00,58,197.276384570061,379.608678898507,97.2544970524872,40.3041158031516,model1,5,,,184.7132111373737,15.09379532428781,447.4148015640119,46.07683262946564,98.36831692355403,10.552051114777331,40.88517346610772,4.72284147931487,0
2015-08-28 17:00:00,48,144.768731403039,480.959329390702,131.271882115654,43.892149836306,model4,10,,,169.81584332695132,17.15976316045984,479.3625769122201,40.64916437589351,99.7488589767655,11.279390435104611,39.908553739039,4.691809917590458,0
2015-04-10 17:00:00,1,178.626453236318,393.639427219234,87.3085572750688,40.8253160751685,model3,18,,,190.23635436869608,12.54284592056546,457.9604455697839,51.15541573145156,99.09085550844644,11.330734808936462,41.379522457102645,5.070234748822548,0
2015-12-17 21:00:00,88,166.199227959916,397.472397329438,82.7790801724948,32.4440976333326,model4,14,,,171.0658525231894,16.069162224045577,427.2313405377986,61.42596627294886,100.91888669595008,10.51761599967274,39.30878645159803,5.204852556427626,0
2015-12-14 03:00:00,71,182.923121081543,383.956481360181,97.8228488750323,44.4110285715328,model2,18,,,172.99282218543,15.304412065160848,443.8513623255756,45.580967207791296,110.32352823618491,18.154725194617328,49.78643375077764,5.955264706328121,0
2015-09-27 02:00:00,51,178.125761823848,372.330363436147,97.8645617089557,50.824312501803,model4,19,,,166.02525973711417,12.1176970746866,451.6397963228312,45.41363100500595,104.99794642361536,10.99522012970015,50.49815685706658,5.699505011796676,0
2015-04-24 15:00:00,33,179.655310900748,424.751009258848,103.7664359137,46.9983894599478,model3,14,,,172.36684198496582,13.046936124516533,436.1145754472184,56.31763382168663,100.14947441637264,9.664337533828324,39.44675052270431,5.10700641877345,0
2015-01-25 21:00:00,38,151.871854723994,485.162509686638,87.789264214609,36.9944542956184,model4,15,,,160.624405691919,16.742944114091014,468.00724228839766,45.1569279532667,98.587121319244,11.471166664161697,38.074567018930686,5.33450353826241,0
2015-07-11 15:00:00,61,188.804348318077,454.759401056166,103.0216916773,32.1266097916167,model4,2,,,175.40822485613575,12.346741109832273,446.7039950941198,45.6134211573444,97.87049575092742,8.496475193998599,41.653025893974,6.040020611987881,0
2015-12-18 06:00:00,3,190.974386273707,433.597730083902,90.0405886657725,37.4801988921877,model3,8,,,169.15749883584485,15.40135817991796,453.0764051776982,43.97670721646628,99.89032146733103,9.958985958908704,40.46621644914767,7.130860175507517,0
2015-11-09 19:00:00,70,189.216937149668,432.992309289975,84.6433538281184,48.5814618146419,model3,9,,,197.8696119679533,18.81928037202292,454.4363263305472,40.16216202400717,100.49504140208698,8.883551985855242,40.52458153776103,4.588107574156944,0
2015-10-14 08:00:00,86,162.691083889637,520.072408713435,93.6740540457822,41.3860204094367,model3,2,,,173.8519008723921,13.00204771903624,447.33812342956577,49.25681468991549,102.23846129515648,11.005940195938509,40.49208613295587,5.267922553301267,0
2015-06-23 16:00:00,6,165.487938174983,562.62503639414,115.002069779447,43.9536984346128,model3,7,,,171.3842168195298,13.914396856043828,461.6602740042632,55.715167000845376,101.20465225561544,10.63337141743739,40.03047384945592,5.302574546866047,0
2015-11-08 04:00:00,75,173.418907066329,553.122383961496,109.098630759064,47.3286723965989,model3,19,,,169.3614686048184,18.27818684129312,450.6142640839855,60.65691043274161,96.31888046918743,12.233058605096971,41.60424270748556,4.700167542763667,0
2015-05-13 02:00:00,21,161.370209923193,389.141816180911,103.281374486554,39.7805564305535,model2,14,,,169.88146657250886,15.365194563354052,452.92687534996816,71.81717117542286,97.88548606954618,8.468867400071202,39.68898114762934,6.195125203753381,0
2015-09-14 11:00:00,29,149.986898846183,479.356310705301,86.7609332398701,46.9159873655291,model4,3,,,167.9562501272828,14.93525385005071,456.33410596012624,40.62371733698588,99.52548936873288,9.994523859859203,39.72514908108406,4.735545238213243,0
2015-11-18 04:00:00,37,187.27020548655,408.740219754107,97.2469544881086,34.9370695189273,model1,16,,,170.7400984868209,14.2461240102017,442.4216635255532,51.58324151600453,100.0938561918809,8.200233547510258,39.53387540089725,5.614838027864236,0
2015-08-18 11:00:00,75,186.925740271845,386.984074081324,90.9741422438578,41.0809970749941,model3,19,,,175.93455483144783,14.942450780928654,440.9267427707491,57.59772647076318,96.03955479855976,10.044322057713854,40.80313066888954,4.086206495367898,0
2015-03-06 10:00:00,43,169.87125128495,454.087940102893,110.627148964466,41.6995410575836,model3,14,,,184.79967184379797,17.210281689250536,432.4303563388773,43.39571892461062,100.4668630968456,7.545330712304305,39.14844365864224,4.499046748327903,0
2015-05-04 13:00:00,59,155.894862975189,438.438358954585,111.890212037116,39.7081458414737,model3,17,,,167.14469005627572,11.712926698442455,442.3000791442457,47.90815889202723,100.2136565232297,9.738865726281793,40.26542188147083,5.011462096681041,0
2015-03-03 03:00:00,89,195.115224295664,479.294722938395,96.9540813153944,38.8234920790412,model3,17,,,170.4581118670241,13.86300896420796,437.2842934131908,51.9189958753625,99.3269768981258,8.576111597104568,40.62482542396422,4.8117079535570015,0
2015-05-03 04:00:00,32,171.625928308786,479.168003854836,88.9925502100533,49.1524746288352,model4,15,,,167.18482033483568,17.25271856924512,444.21109151708646,47.12141704002822,98.20601502667442,11.673260920287584,37.98702343717392,5.721554482474681,0
2015-07-16 14:00:00,44,176.050496653968,458.315590735266,81.9915501663527,36.3893508287432,model4,7,,,170.3340642149614,14.980116560807147,456.8958089232206,40.67879246328471,97.91433790487956,9.907929543607093,39.24226897550258,4.886345767460473,0
2015-02-10 13:00:00,12,180.797079939868,435.02829165892,79.6968366747626,43.8243606101214,model3,9,,,173.46150859762324,19.24565479187357,442.63708347918856,54.52620849550559,102.0121019622929,11.119236122421675,41.47182319952249,4.185920880440418,0
2015-02-12 11:00:00,16,146.489795799953,426.107948428885,107.667785369826,35.7448864574329,model1,3,,,166.44478580765676,13.272817865684097,463.5415660916054,50.23525233883552,103.45788631165094,11.65805075069154,39.43513440415309,3.7830634897066857,0
2015-07-05 21:00:00,97,143.707900110426,530.028668732787,100.167648146616,41.4751604110346,model2,14,,,171.28984183707425,14.5347490925155,456.0781273817309,57.676898917792336,103.48863238552012,10.92587416387686,39.65967050521135,4.889760205113881,0
2015-04-06 00:00:00,56,165.88620566126,457.014683918999,88.9217277273825,44.1816576875278,model1,10,,,173.2367048574985,13.542071960402854,439.39865617097104,55.62618884681901,100.79769405522433,9.801854974876994,38.65442533881306,4.552247455355443,0
2015-09-25 13:00:00,57,142.827431466209,392.932527519706,94.9993237456245,36.6899930762487,model4,10,,,168.023098247611,13.6186234015816,469.3201436363592,43.74462632453425,99.69205000711428,11.06167318656238,39.71465844271148,4.220752991286805,0
2015-06-10 13:00:00,33,195.487279999021,452.272039196988,132.135261223151,34.0582031091769,model3,14,,,182.49013150453555,12.958324750390132,452.7134326154133,50.832871241212885,127.54859058660077,10.599633901914762,39.23923353887013,5.720140693694015,0
2015-01-29 14:00:00,17,152.697244154078,372.415312439266,92.2717161771627,38.078389094186,model1,14,,,169.15343179706755,15.181870977527677,458.2902962226504,68.48822740050403,105.17374884663582,8.193746652224329,39.65775502618131,4.674141968192439,0
2015-04-09 00:00:00,3,167.671568677132,462.237780620842,93.5314944418347,41.8910175533641,model3,8,,,166.08497518597525,13.781210352643177,454.0697709099504,58.324487167898,98.52661007626052,6.802433432660779,39.29064498349985,3.451702863156758,0
2015-05-17 02:00:00,52,137.137532023791,420.762651039851,94.1834298479501,39.8020762846477,model3,14,,,169.2727117428167,15.83361856852352,444.4710279463038,60.46400477131581,104.7534588922,11.20901441845132,40.5237464390289,3.2645643719686994,0
2015-04-05 22:00:00,30,195.09802594925,399.479529100804,93.5793442952039,38.2651061876595,model3,20,,,167.33338206404017,19.012906877476546,445.0619540777397,45.39421214030888,99.24119146469326,10.65664753309357,39.0238396678325,5.539594855230347,0
2015-10-30 05:00:00,5,139.047167293554,495.646232677402,104.6991354315,42.4706180010112,model3,2,,,167.4303269463533,14.136714658005053,443.04543759879925,48.74178828046816,98.56292906779176,8.949779539881257,40.32159039686472,5.715193985741477,0
2015-10-14 23:00:00,24,164.703651439045,493.314821327511,90.8584232424947,37.9408805873631,model1,20,,,173.1898942493668,20.230150702592283,471.9436572614589,50.24435694658425,109.98210052020916,16.79774680552291,40.51750357336802,5.839285268808553,0
2015-02-13 05:00:00,66,160.759819019748,442.477740198998,106.127504695499,35.094097594012,model4,6,,,169.34313896286548,12.677082640773278,446.0026441393618,53.06957306277111,97.14010330329042,10.897699209040772,38.93781574286411,5.793586403006902,0
2015-11-28 16:00:00,35,158.015388666607,390.896248773605,100.235655067537,32.8936842201899,model1,17,,,168.88224509872742,13.993597718251792,441.051402720266,47.632051773085365,98.27831223667108,8.166995293929968,39.47268051291973,5.195358460007851,0
2015-02-09 22:00:00,61,164.580284037797,403.550978483416,111.496916533402,43.5639133020636,model4,2,,,171.64830296110816,13.600889875303318,446.4863224047203,39.91358864932226,99.86673739706396,9.775566970591832,40.84907027308231,5.827086707042675,0
2015-03-22 00:00:00,17,182.03157563427,469.840230976266,82.6572295795937,40.0308927912659,model1,14,,,173.60169943864335,11.398259452553685,456.61742738141487,54.92419355177975,100.67706520940315,12.1271131344628,38.68708536035067,4.736972465576974,0
2015-09-12 01:00:00,29,167.273522243907,406.617160766636,106.761347568952,42.1166562475376,model4,3,,,165.22072970577725,19.174310573039136,451.1648875592962,45.406313367271935,103.31821801921213,11.128729387706745,39.75266276343965,5.006345613114423,0
2015-04-05 19:00:00,45,186.80756583657,530.170451574747,93.6311845177527,34.8442360085018,model3,14,,,171.84892683007754,16.533751198411885,465.7438065413425,50.37387951613755,103.94921502248734,17.281022925329495,38.931674264964975,4.072442421631679,0
2015-07-16 13:00:00,48,182.122963415262,395.940663138767,87.3749834848853,49.6493468732947,model4,10,,,166.36714373452682,17.132334437014556,447.8788713990046,59.36776062161351,99.7165962912921,9.12235926770149,39.65863627667715,5.368156451922032,0
2015-10-12 20:00:00,69,167.157336903575,519.986100454155,101.39218155157,40.1290664200016,model2,19,,,167.3505050837685,14.239013969695312,440.5881229527108,57.43104385006367,100.408216950189,8.915235483226889,40.25830658270355,4.136566805709454,0
2015-08-21 13:00:00,28,149.893739645862,509.013797128997,97.5703267508535,45.6257576962821,model4,1,,,166.9271820999634,12.419535435004136,449.0781086707643,41.23097717316643,98.78515608836176,7.678905461268866,40.99398078677033,4.903661489640975,0
2015-08-25 11:00:00,81,156.605454418618,385.472022763176,92.8285654825237,38.1840921320731,model4,1,,,170.83223173715126,14.552416032585525,452.68701173523306,51.162833709108526,99.94294226447369,10.69902130342495,40.20622848687987,4.394388545959853,0
2015-12-31 03:00:00,17,177.45630973955,412.129433582267,130.670585274967,37.4106989421115,model1,14,,,168.08895796181517,15.851320712953688,413.6585053803349,42.39212580725168,103.13378154684337,10.18876614971972,41.97744710424069,4.662191876309925,0
2015-02-23 17:00:00,70,166.601130417699,474.201739695581,90.7865788385109,41.5043422930645,model3,9,,,174.09512776965448,16.608615664951678,452.9797174501621,47.45765813739574,100.95258974368204,11.061395555264856,39.633793808057625,5.75670782686008,0
2015-05-12 01:00:00,30,166.118254483435,428.856037347033,96.961543978286,40.5184447403683,model3,20,,,175.68032665096266,12.99666555707102,459.36431816100617,50.55493313348614,99.67870206998477,9.835282160444129,40.59268444948836,5.997676978671752,0
2015-10-08 12:00:00,17,178.385237712265,464.509310569166,95.4671903891369,36.670241073285,model1,14,,,169.72047252654087,12.780395377390546,448.647308847465,46.059553463658375,100.37622772776274,9.527119193221026,39.96839763882696,3.0172216647532277,0
2015-05-22 12:00:00,26,155.355442481438,522.767091637658,98.6902344158487,41.0079948717509,model3,3,,,174.4129696665972,13.054912833820584,455.9087030982787,40.32720470237578,100.83102708670016,10.338261908006844,39.137535507209286,4.683624536632766,0
2015-02-14 23:00:00,21,161.479913189893,442.551098500053,111.339654494352,36.1279134225058,model2,14,,,174.15748770991112,15.85292583516242,438.6298996474097,51.35948288357671,99.10970859649656,8.263160882704256,40.42756181730604,4.433840270029417,0
2015-08-29 10:00:00,22,183.470835413348,411.924137443192,83.078737210587,39.704512999939,model1,14,,,168.34917717418014,18.557483625125123,433.6127388729688,51.51045298849319,101.39604273049618,8.346893883808214,39.936552209878336,5.350604629069149,0
2015-06-19 06:00:00,59,160.347542042297,501.734111634685,113.781390867753,35.3574099402635,model3,17,,,173.2571308655033,11.2304115746012,464.1452770401459,55.29954794468922,101.7129890277556,9.003205315759432,37.7584580250316,4.79566047308372,0
2015-12-03 05:00:00,6,188.132749701649,437.151075445503,105.331822507671,37.7922259089963,model3,7,,,171.73629700096515,15.327567703166384,437.1585226018837,54.92410794741406,101.33087933152042,9.92154375709059,38.814067824966045,4.325800062841416,0
2015-10-18 04:00:00,7,157.019148764218,301.606333450825,100.644064189639,46.4896171027335,model3,20,,,170.40604458658615,12.131914357915456,444.7382116529951,64.87683430366624,98.26176598757384,11.794138240189616,38.6865471542313,4.387740797969315,0
2015-02-19 11:00:00,32,179.434301561737,513.119775335899,107.797771755776,35.5243753618962,model4,15,,,169.6004831184095,13.216287415726878,457.99677777923625,51.897258276598514,99.39029356553084,9.14061038827474,39.5352221595828,5.269716247661674,0
2015-02-18 05:00:00,35,148.997071578578,442.365349809186,110.282664573306,49.337951021023,model1,17,,,166.6803650788428,20.2405813301275,449.75489456952783,44.10788540934248,97.71919580179424,12.152781527277147,40.32623593293882,5.045801298398825,0
2015-11-02 05:00:00,61,182.758927471291,477.73511767452,98.5151153379378,40.0831764213903,model4,2,,,166.95613557752645,15.747762013607996,431.2515207078309,39.54925055821396,100.96991588076088,11.8971601926372,40.18444533026644,3.263989600245475,0
2015-01-07 00:00:00,36,171.994277636064,462.843800781161,98.6330798531467,41.4761807457354,model4,5,,,173.20309374856342,11.289163972214627,453.0435417836629,34.08091993250224,99.21211556680645,10.702520497900224,38.84666909012087,5.458897962407529,0
2015-07-26 03:00:00,24,140.349887764591,413.667649831664,96.1547977925425,39.2144231852426,model1,20,,,169.7441091068093,16.23120183784117,447.2386583279551,55.28504944897056,96.9782867050629,7.185009268868423,40.65615125833181,4.684227167457371,0
2015-03-25 01:00:00,34,159.152983028736,471.284664251148,92.7222132294349,40.8260478845539,model4,10,,,168.19861916532022,14.22947660674269,454.3290399538519,51.201947504242895,101.3632183803233,9.343893529876745,39.55710076468533,4.687001069883998,0
2015-06-09 15:00:00,21,162.953613516965,474.266208563251,95.5718026522384,36.6122203629311,model2,14,,,171.3575640091391,12.444164102027644,451.4384061198281,38.017374643944514,101.1727892667908,9.445371588165331,40.721214030236304,4.885889415804293,0
2015-06-23 07:00:00,50,161.178586542747,469.418264173098,97.0925477026707,47.5288188641777,model4,4,,,173.4938862182797,15.0078526979426,456.0506570634863,38.3267889021264,101.91643859578086,8.4833159641875,40.70591898998841,5.424230204566396,0
2015-06-26 08:00:00,67,153.2427842198,551.850736670893,107.470339765843,24.5946115998742,model4,14,,,171.20688520146678,11.777451393824109,440.5315511760619,51.83776276201662,102.90755542805,10.895971788925872,38.95053274862939,5.635540845385824,0
2015-09-10 23:00:00,8,167.885236817592,470.199113169365,99.4697069969665,43.9297087716416,model3,16,,,167.59198065097024,14.695297581136902,461.1511571058623,55.103845828053615,99.6488528267164,9.250918372442284,39.33745732168442,4.478761971574587,0
2015-07-13 04:00:00,50,177.699085509898,454.921145743283,123.710154345068,39.40178864903,model4,4,,,169.14259168418792,14.761905615953452,455.89850026187605,49.83508482045562,101.5152999715682,10.61954536569071,46.81768009331885,5.421008123836463,0
2015-01-31 19:00:00,59,179.381286555109,503.831417176643,99.8233550506676,33.7977667124008,model3,17,,,176.64368253965745,16.948352629552012,440.37090808515154,41.32981158893064,100.34291517189196,11.99802068568288,40.31042231873813,5.811495591329073,0
2015-03-23 15:00:00,40,144.347493144109,447.803600844063,105.24594146009,46.2464508134937,model2,4,,,169.98105954774266,23.06869323140409,460.0471732327062,42.80672360842591,101.56395384453045,9.16724755325176,40.65469742601797,4.979607426571065,0
2015-06-30 01:00:00,22,173.085329912262,508.598575924312,104.67590300315,35.9202491474936,model1,14,,,171.4788188890534,17.082855497391446,443.8225099541521,42.83652074444688,102.1119372487653,9.756665176199704,38.76837432705829,4.351942689296493,0
2015-12-21 00:00:00,20,191.802548920264,470.65717383867,80.7600506717108,30.893198360682,model2,16,,,171.86571779881368,19.034393561714968,457.69212301662606,52.44494856607414,101.82863189491124,11.11160548223282,39.99191906688176,5.282421963661799,0
2015-05-04 03:00:00,71,144.916245704444,482.613579966449,91.4643820672531,41.0357888379151,model2,18,,,167.57588396103716,12.808777587282863,442.9439877449938,44.93318005157889,102.82258437282086,11.278285439416248,39.81321636263474,4.891708568846868,0
2015-06-04 09:00:00,82,162.482306671075,513.946912928114,103.678829619969,39.9080287035066,model3,11,,,170.34450171496047,11.293222439205982,443.3778431239352,50.24644908357072,100.32340457605086,8.98177219934463,40.18587328027303,4.330452678410966,0
2015-04-11 07:00:00,5,181.881213647001,391.453230494789,94.2147577258691,43.9752278121007,model3,2,,,169.67775552029823,16.8311650819278,460.0155721339385,34.80110306004061,102.17629080790482,10.499031409527127,40.9616054603172,4.060421276590535,0
2015-08-24 14:00:00,80,184.839846549983,395.305241931742,101.709832004308,37.7890711764794,model3,6,,,167.49224861186323,13.572614261134603,452.1544099160714,52.22848455137269,99.7479134876973,11.195074788271668,39.68508866086602,5.420921690994044,0
2015-09-20 00:00:00,29,168.15044435057,516.581809029329,111.31004853295,32.0842238177852,model4,3,,,169.52898886754647,17.038204553534715,436.9776254793842,46.840290340412665,103.3592917222657,10.377105482804852,39.72847097536534,5.80932285653656,0
2015-05-25 23:00:00,86,210.611441116904,450.405217037691,102.074750586433,37.9403180536153,model3,2,,,170.02759083757508,16.74260703127473,459.4781729783727,44.1514897788411,101.81944104773908,11.38966679838668,38.677917251790326,5.560350284527238,0
2015-11-13 20:00:00,21,182.7746865854,356.758627290481,110.810030313651,45.8809847038112,model2,14,,,176.59586769493723,15.997540319556236,447.1799654342929,62.14501803148544,102.00057290157334,10.622835991754595,41.306268445418205,4.670864641742016,0
2015-05-19 03:00:00,66,196.011121342474,313.036813249554,102.125768828966,36.6262339283968,model4,6,,,190.1602785384673,10.049541946811951,363.0672146286984,55.87356957729431,98.78559932773172,7.027093999299849,40.36239688453382,4.317977621391414,0
2015-05-19 20:00:00,18,178.148403713636,452.504616812469,123.798727405491,31.2554099051955,model3,15,,,168.56518345300955,13.75854359572748,444.09160991535776,48.96752540094839,115.32961393130238,15.565963858637742,43.71410994473808,6.615062053562864,0
2015-08-06 20:00:00,56,194.266129010909,411.076938219156,87.1312970038569,34.3133455897632,model1,10,,,170.18833304731382,13.856683696785968,460.7746575462764,46.96221319424762,99.89239003610228,10.609983486461788,39.78757226357157,4.6104030420950535,0
2015-09-22 17:00:00,44,145.000339981396,499.182874971474,90.4888090256625,38.5447661178495,model4,7,,,169.49442682363596,17.11866909214054,437.8677868378045,43.10960612765885,97.59927221471328,10.77395271501427,39.112376449488245,4.427746260763489,0
2015-04-01 00:00:00,20,166.091089709935,470.16406404137,94.3781589573512,43.1629212609258,model2,16,,,169.53117504911046,17.035445207594712,448.6683661088911,54.40003378064005,99.79295475580616,10.660270541336107,42.08627211753942,5.361629882815706,0
2015-10-16 20:00:00,66,173.54997250745,488.712098729789,116.487330711337,42.1122904020141,model4,6,,,175.7618792855127,13.649299181102004,446.84295495012793,56.08107505184937,101.00237087210496,11.085714676969657,38.38749401659749,3.9238036861032346,0
2015-03-31 14:00:00,26,170.902315640591,338.244579635962,93.4121251741345,38.170989246512,model3,3,,,171.2099286536844,13.90920724916141,455.7081892908032,56.53294148809656,102.28645111201082,11.024888705557496,39.457950040892335,4.077019643986817,0
2015-11-08 02:00:00,81,157.553323073263,456.001050091848,98.1786915035681,37.066731337201,model4,1,,,172.70849094382905,13.361907189341984,458.0151999887126,48.084900157656975,101.31851233186636,11.72301697699201,39.39957982836726,6.339765268517416,0
2015-10-06 02:00:00,74,203.77104451045,469.844135453741,119.049474439672,38.9576874496127,model4,4,,,170.73254105637173,15.80888849523025,447.43796278565225,53.96735909066466,99.83124804731357,10.267926620250304,39.19832967119032,5.917403966970338,0
2015-12-09 01:00:00,37,179.730131230782,463.73672306886,88.8163257086625,37.4568226958512,model1,16,,,168.41943750107495,13.515354379175426,445.6768780452279,66.01208792952676,96.9273005523573,11.410148442577013,39.99073951965695,4.383637040028823,0
2015-12-15 02:00:00,39,189.947043532271,362.459597027925,88.8023325282432,45.8788080126064,model4,0,,,168.4696086570639,13.518749692772223,376.7199076841114,37.169604474566285,99.74416069190757,9.01830151068176,41.331105079524455,5.068440553159152,0
2015-02-19 08:00:00,19,163.734470707871,435.193332977331,87.9710991410675,37.4718837066165,model3,17,,,169.0079161295975,15.67357582203419,454.7480354075296,38.51860408694124,103.71588349382225,13.359822531495205,40.10924200182565,5.654661276624733,0
2015-06-10 22:00:00,74,158.925706841683,500.861708640199,89.3772533341562,44.2349192589974,model4,4,,,170.81257613300912,11.041044263474738,451.3343426696611,47.18188006253467,96.57020594243536,9.69128152761188,41.18243597356796,2.7809519192645,0
2015-04-24 14:00:00,70,171.724245523633,498.063606865657,107.354035903043,32.1903143867459,model3,9,,,171.99898864403144,12.610198836946893,452.6681031411012,55.14571624020828,102.13129272397028,10.179197134269396,39.52197389805936,4.24234485926127,0
2015-02-22 07:00:00,60,159.787259369811,469.618925478743,110.768724155144,40.1577070180028,model4,3,,,168.82324574221306,17.898269027773182,457.4883323590985,49.28289108259085,102.9850973581008,9.518826341898892,39.37260355427747,5.144580125271766,0
2015-07-26 13:00:00,82,186.61518563344,435.316446601355,85.7213251936922,40.7367074386479,model3,11,,,168.56036379112976,12.620121162757142,416.6293587181511,60.22570757540471,97.03887853182506,10.40972504072961,39.109434787741726,6.316857447949527,0
2015-06-12 07:00:00,82,168.588704035824,427.781200885773,96.8304015022788,43.7566858663831,model3,11,,,167.9561339880054,15.745206519765931,441.6213454254039,41.82766378074594,99.4362723267124,8.61226093861153,39.83870671620067,4.940134614622751,0
2015-02-03 14:00:00,95,188.408944894672,458.137025817223,113.565149810396,37.5873883849966,model2,18,,,174.260501610098,16.223248115800807,454.7886049913429,53.96162512407235,100.03048482111592,10.087452318848852,39.667874871140384,5.152237178328006,0
2015-10-15 10:00:00,23,166.901834389982,338.562719043874,97.7872866407328,44.3951784266766,model1,17,,,170.91492872396637,14.484709221651736,442.235912523315,50.84922304232497,101.03663077879504,9.166436726006388,41.54793765967734,5.885837873702978,0
2015-04-12 12:00:00,93,160.763262305571,478.522413340179,137.142128167103,34.1164831741337,model3,18,,,167.11142689297805,12.612556972824176,431.7140096212506,45.89089184008183,107.91618069403474,14.75592704973059,40.15819833223984,6.5184588898857205,0
2015-05-29 12:00:00,73,179.120881348981,470.918152238628,115.73454887886,39.1530440605015,model2,20,,,173.82742659883593,14.45833713824366,431.9451537664005,31.40304968877188,100.55302385660808,11.211040391784648,41.02140162368232,4.886354619195331,0
2015-12-04 12:00:00,81,177.81343801364,497.72554255586,101.254650461088,38.7036124110999,model4,1,,,170.0583150035917,15.874180658252063,450.186046872156,43.31316991640404,96.84326714752656,10.56637899410725,39.996622811696426,4.930745169904279,0
2015-06-24 13:00:00,62,159.766457675915,462.017222443876,107.004184990543,35.5972939761542,model4,20,,,165.19690748843053,15.374165098493064,455.4333340534217,46.1795011861596,99.1436978602067,7.748124952888139,39.926403622216895,4.796516182402907,0
2015-05-31 05:00:00,55,182.301039454438,461.064743574726,120.664272069619,44.1358840193435,model3,17,,,174.08427580096148,12.783004686513497,458.52300621057617,45.85137677602075,101.14664319939988,11.4090620654832,40.359603148568006,4.753805559840186,0
2015-07-02 07:00:00,8,174.970282336133,418.870737322642,120.627894878014,37.9014356434634,model3,16,,,169.3496651152352,12.431015196665353,437.3493960222288,46.51962964330098,102.09741951710386,12.126317163924142,40.13207544757329,3.977949923941009,0
2015-10-22 04:00:00,48,164.932383088249,314.453275485134,105.540418151168,45.8948682240828,model4,10,,,175.98741820037355,9.994873749918296,439.1946158573973,54.46351574821559,98.5329406266664,9.866866706180645,41.367959387605936,5.392275016840553,0
2015-03-30 18:00:00,85,176.404219007925,350.400095284535,109.314996133553,46.9174616435029,model1,16,,,172.34940259631273,12.430371877218311,440.1129953911191,52.57871325821818,95.42836783919408,9.235705902694717,40.50665910316993,5.5530797873211935,0
2015-03-18 20:00:00,89,146.221061335903,414.334215796059,103.628894453383,41.5016421660508,model3,17,,,168.5907710783737,18.32254702209488,460.9818919421107,53.28789973377452,96.06018235432003,9.454406916625052,39.22352643219691,4.745771815659909,0
2015-05-26 22:00:00,12,181.906229671922,394.112399502114,92.1114884797915,34.1538365991521,model3,9,,,169.55652392639945,14.136350813180655,438.5598880618566,46.839261517067385,101.10171255990385,7.852397749767333,39.99867084037276,4.788290230417869,0
2015-10-21 23:00:00,3,167.258387213899,391.909909996978,106.695720544106,42.4310111843373,model3,8,,,166.2499434006405,13.95625204757124,453.44846007026416,43.02274653339726,100.8621405360217,7.222872476461631,39.06199269884651,4.530863304432942,0
2015-05-20 09:00:00,56,142.470969765276,341.425153935009,87.1811422012436,42.9328006224104,model1,10,,,167.61453186440107,17.553976599157927,472.5549213577309,48.33453257051598,98.8989185346623,10.566051528942314,39.233442166332615,5.083483297407748,0
2015-06-21 09:00:00,95,139.197099966779,389.540317345173,90.3333873989867,42.0722890817716,model2,18,,,175.13264721773453,13.360839656392796,434.4071021545337,48.94375168827662,100.197224524484,8.063089419526655,41.07868375548624,5.643956929099825,0
2015-03-01 02:00:00,82,169.378341708472,467.507591366205,104.585636959564,42.5968482161396,model3,11,,,168.3843511939186,17.88640930641418,452.887717462676,38.571339523323616,98.50994819136554,10.128150658708956,41.66092472507331,3.767023949206598,0
2015-02-05 08:00:00,86,164.880083645127,405.085300805988,92.4823031816868,32.2809610896174,model3,2,,,163.4456073334009,11.783612701251718,453.91673627927,53.36690960173992,104.52032095004036,10.336898267990172,37.19090449609877,4.335993748787486,0
2015-02-22 06:00:00,56,188.867805389068,389.639174501584,110.024595266833,40.2149570913542,model1,10,,,171.41007314421725,19.80404686486778,456.26484213873056,47.71690451543552,97.27030742682685,9.806778715956364,38.35349718295347,5.450480735992208,0
2015-11-19 20:00:00,92,163.030913401356,372.845393239087,112.041113271761,41.2134530023545,model1,2,,,174.79546544918978,17.039209771430794,448.3014234347928,56.21891034607429,101.9046758363148,8.575783282995827,38.06577350012315,3.758912743420432,0
2015-12-06 05:00:00,78,160.944217479629,353.710788931471,98.5528321044845,36.0223493823073,model4,19,,,164.08235889074896,14.719250172556654,436.1531624025692,49.12096643272086,98.7858194549018,8.266348576755636,37.969200351245554,5.55644983205927,0
2015-11-03 23:00:00,61,195.858059155199,498.577472914177,105.66107706722,42.7364354495114,model4,2,,,174.3295362595383,13.010705800466706,455.6582160887492,48.07120291334064,100.90577846125818,9.599714365420066,39.81116952635845,6.3688063158377215,0
2015-12-16 15:00:00,28,146.040814609263,424.007338842379,100.583255974168,38.3608825743481,model4,1,,,171.23015599255152,16.00976830749077,426.4050580106896,47.30537906406767,103.03283800113716,6.827369016119576,40.57606602405496,5.228014914088205,0
2015-06-08 21:00:00,10,192.953401586521,402.103398529459,100.126795763949,41.0782820704445,model3,10,,,174.76236636713546,12.291291267321895,447.03240520552384,55.42699599093969,101.26195575397612,9.617044808618184,40.89547987432484,5.690523719077587,0
2015-10-15 18:00:00,70,189.109046584144,553.621138027024,97.8488714270858,38.4389651281043,model3,9,,,172.0618092193503,16.039576448542004,444.7268589668447,47.0249101211696,98.20342467597716,6.66605374050502,40.976213934576485,4.532387169251317,0
2015-08-30 10:00:00,88,170.005332269697,360.762232971051,102.890974517392,54.5048835855583,model4,14,error3,,165.82019730994477,12.22433658479639,422.4699983042457,56.74295969227301,98.02865765338936,10.819855924048095,44.76594591311962,5.922354490125164,0
2015-06-05 15:00:00,50,166.541645294515,512.415703190376,100.687403270343,26.6511617400993,model4,4,,,169.33205000094736,10.715514454068124,457.13639200264737,44.46569721366581,98.53387222655334,9.834883903435983,40.53752745180763,4.554141957418227,0
2015-02-14 06:00:00,75,159.341872378487,495.620008501208,100.633888723207,34.6093538086746,model3,19,,,169.4477695146191,13.156732389513865,448.7351218927691,47.55869444478138,97.15547676788964,9.906963986981255,39.8865799309557,4.823296308600221,0
2015-08-10 10:00:00,7,153.933172375083,453.878235589914,79.1000006056651,36.4858388819091,model3,20,,,172.40481949951894,17.98292587155979,442.0560664752175,39.47133091153478,98.2689326196503,10.026495764293264,40.56011021976867,4.945390236977273,0
2015-02-02 15:00:00,68,197.555514611245,516.001295446248,105.690676171904,32.7750950557857,model3,10,,,167.88176131771823,14.481931657899793,443.04361069624656,51.731990549400166,103.08389604815969,7.959691497136736,40.079515688383005,4.651115502809635,0
2015-04-26 16:00:00,9,165.771559721151,387.104466568615,100.924514782778,51.4607306997327,model4,7,,,168.08571234257997,13.59027398366562,475.0345916667051,44.12287016278798,99.46676190431629,11.200558976259266,50.49101956979981,5.235973573638692,0
2015-03-08 17:00:00,61,178.654540577531,432.463918637577,103.436535060192,35.1732557773681,model4,2,,,166.80066760842075,14.45129710867446,466.5017024330865,39.1601249365803,100.52467681809276,7.3905593241476115,40.24869687728324,5.489296634433989,0
2015-09-20 10:00:00,63,165.68102106514,427.704633820216,107.15308961448,40.8400584456068,model4,14,,,175.07251777303978,13.27133097863392,444.6762376107375,51.63807268359557,101.0723716148214,11.538763575679322,40.62139305635538,3.755861218953602,0
2015-08-11 16:00:00,81,175.690901721396,435.872094510631,113.489971941063,36.811674253037,model4,1,,,166.95140053745334,20.34758774666381,457.6858798731441,39.19479865082395,102.1025312532915,9.51074456797996,39.31952196746541,4.135097235960478,0
2015-11-12 22:00:00,67,175.254435783427,546.404092864057,134.53301123964,27.6424417211383,model4,14,,,172.0137491351701,17.378068088252263,452.80412498163287,54.67536635643897,127.51308069033432,8.320185765175097,40.39808129808404,6.075159482816053,0
2015-12-01 14:00:00,89,194.368621878924,385.516236408512,81.9156849616226,38.8281722977098,model3,17,,,173.3123467393468,18.956653708883064,451.99595135976944,54.18038090595747,100.98716299820492,10.140423583331746,40.046116307797625,4.469703818303579,0
2015-01-18 21:00:00,60,148.416637455494,487.791727694291,104.318828685896,37.6808692299224,model4,3,,,171.0884159812308,15.846349491371395,448.639107592579,48.861241746306064,98.15241834557824,8.88260697289397,40.03121327709679,3.9381282828700175,0
2015-03-19 16:00:00,45,180.653233909603,466.460992784334,91.2320025379492,42.1014861858578,model3,14,,,165.72527752958976,12.355360243292434,452.8293545246573,45.96091249932676,99.87201841865728,12.60486284132576,41.5205545240702,4.627957629397618,0
2015-03-22 21:00:00,91,179.441749949428,370.420617712371,98.6100965212007,39.8470011811524,model4,17,,,169.2290886067187,14.404401498602628,449.82620755747536,46.706457048232885,97.09844271525368,8.234848421680356,40.4682226642827,5.01714087794344,0
2015-09-21 15:00:00,45,163.836538507041,456.286426296008,95.8058812735303,43.9324920621626,model3,14,,,166.24750157161736,11.913321770250832,436.5414078139498,49.311793209451366,95.35433790358894,10.323255136823992,39.0875272389381,4.877351857267738,0
2015-12-14 15:00:00,38,200.952190548756,450.470547414038,121.859873336971,51.1216061497003,model4,15,,,211.28452927397575,13.646368380409944,458.4268078577236,47.51454820605883,111.9447963621995,11.53272107705986,40.63566234153924,5.830438255917134,0
2015-06-19 01:00:00,29,177.784117656285,459.694797138426,106.506270162372,50.716939825985,model4,3,,,175.20580092591433,15.749918902497388,454.88077645651407,46.789819571479306,99.24032816118007,9.31676486380348,41.14530279670566,4.182503105602401,0
2015-05-14 03:00:00,78,154.808477630104,380.436662895327,84.1688639718408,47.8238261321013,model4,19,,,173.73606808210843,16.43526014473936,445.708753782322,52.7559929236262,95.34763501301406,9.481159839121316,41.34243584975031,4.389243711700105,0
2015-09-21 11:00:00,56,158.362973505879,395.301884050336,109.66699036338,51.6735667780863,model1,10,,,168.852826272653,14.033018413700797,434.4884260617753,48.0965216600193,97.12511129755109,10.813621982448364,41.810986971583496,4.4538234766051294,0
2015-05-19 06:00:00,18,187.455720539365,451.939668314706,113.114110392204,49.6433282082887,model3,15,,,172.48980966690632,13.908314325404849,475.3981807265623,46.66127749349792,103.30351421923238,13.895163300122016,50.75193735556066,6.289016708555497,0
2015-04-16 05:00:00,10,181.824969975256,461.035553230859,90.5838860196406,37.9502258720997,model3,10,,,170.0786433900387,14.784181775106976,443.67765810989846,52.36483169912497,102.42981130682678,9.841135923310508,40.69487322495524,4.282237193837417,0
2015-11-25 12:00:00,38,194.970622226449,468.332448524859,104.167595278287,44.6525067272462,model4,15,,,171.27159150544557,15.595113332989424,455.76176502339337,54.14265978931962,97.8812177867028,9.021749222936435,39.59546313533218,5.437113088902052,0
2015-09-21 21:00:00,38,170.507248081535,440.465392190995,94.5805911432709,36.9401134489505,model4,15,,,167.17581587595305,15.00261332156276,439.5470048224386,42.52387172585666,99.37795647794646,10.792246330065977,38.88609159796538,5.356872389899257,0
2015-03-27 22:00:00,55,180.302443965389,407.640017978047,84.9058959702798,37.3127211217849,model3,17,,,170.0383765620523,8.645730979684329,465.0547619071612,37.72211674820161,99.02541739395576,11.62791034347348,38.984153411769206,5.915103797156273,0
2015-08-14 11:00:00,46,164.212758909887,379.55705989526,104.0739081722,43.2536135899893,model4,10,,,174.05547710856624,17.278786744447455,453.1021160665621,42.53354240538135,98.54012003626048,8.798026679412908,44.24046932757117,7.893683920293913,0
2015-03-25 17:00:00,39,191.418040723779,468.285830419739,112.537060065523,41.1828343823136,model4,0,,,173.2325484430394,14.123403114407775,447.8347984530525,33.16711505532854,98.81366364882656,9.127928488096966,40.57000604491392,4.756840228717276,0
2015-10-09 12:00:00,92,176.498775958117,464.840785110493,107.307136445677,38.0894719486032,model1,2,,,172.88251464234625,12.740830405311696,444.2710008626789,43.57499879330975,97.24504294290756,9.307217623146032,39.812039607023046,4.783340360926152,0
2015-09-28 18:00:00,56,158.115705743974,511.10113045654,89.4282178492069,38.0787707489811,model1,10,,,169.46928268938308,12.930681196748283,454.19328013028354,40.742399740704144,98.45821338153397,9.107164619049051,37.34878680117768,5.068340522554103,0
2015-12-24 20:00:00,43,181.976054611845,396.388695284914,80.9288177802923,39.7698209750883,model3,14,,,168.88025827404255,11.671605264999323,461.39257007578607,66.80207866585027,100.33067886888595,11.91976108130633,40.401383906139785,5.311227443023136,0
2015-10-22 07:00:00,50,168.411870510573,355.058121201611,101.635028198037,41.4293855375975,model4,4,,,172.42053006020998,14.94080419942966,436.3180768037964,49.97767101171991,101.8012916755868,12.08584644942842,40.9017020292078,5.2413313788658105,0
2015-06-22 02:00:00,79,184.073331545825,456.042426895079,111.251592931344,51.3511429183076,model3,14,,,173.62800442443884,14.691577193812869,442.2003378447949,52.41312038273675,102.26027911958624,9.282925071400175,40.19781707794864,5.071563170168502,0
2015-02-02 14:00:00,86,153.610895574918,470.831035179839,105.821400334099,41.2429903374412,model3,2,,,175.18175444566862,18.58592927133065,467.5828809169273,45.53157856422367,97.6911614631381,10.036567549476636,45.767296709987846,7.312920548332577,0
2015-08-14 07:00:00,26,202.696534797411,518.427515818339,127.483974739861,44.9438968671545,model3,3,,,176.24952996563363,15.699743402978244,448.4562904451712,58.59769323953788,102.72769449594588,10.031885463395554,40.14887543249716,6.271541538749204,0
2015-11-30 11:00:00,59,165.451096861319,395.821701838229,83.97690541447,43.137978437569,model3,17,,,165.56886374035471,15.126003260056285,449.06759809512783,46.13814153858727,97.9363780070283,7.777841056218114,40.739687755219,5.882729466287598,0
2015-11-24 14:00:00,98,169.96669802842,404.507788716862,115.657117508632,31.280362566932,model2,20,,,167.45432474209804,15.861724210282643,463.40397814254544,42.42450321817702,106.27895310090828,18.240331157476096,39.1257067877656,5.4114072403687965,0
2015-02-02 14:00:00,34,171.470468087969,498.621027948813,110.466532947877,44.3128373363889,model4,10,,,168.39627503955774,11.644335615740577,460.4999141656549,40.77816033558766,99.68053214438773,8.156508465459074,40.86543736218118,5.183242622358895,0
2015-01-26 14:00:00,98,176.612590180363,461.554094451077,101.053418294703,42.6548034531602,model2,20,,,169.3763443011898,16.112584697351146,457.8530351420209,51.692390935190026,98.7911954608963,9.282665004179744,41.36223909323937,4.2026882627305975,0
2015-09-14 22:00:00,40,177.093668852225,433.774211332148,103.271775734507,42.8039304242434,model2,4,,,171.16595141252424,12.783555497400911,456.1067161222832,49.26011872538745,97.2298700311374,10.83851524852449,46.02719182217542,7.301016186866203,0
2015-04-07 23:00:00,13,142.623678064496,425.644844587629,95.4968592169648,42.5915411084242,model1,15,,,171.7620837422336,16.51805792709506,439.6766637054892,40.17319520172455,99.8062129880706,10.273090349822782,57.35641129380596,8.161460789618374,0
2015-04-14 07:00:00,33,178.711430267977,327.602501925968,97.3377075460452,38.0201791530503,model3,14,,,168.74438385191542,12.737945625512891,360.7719836399253,55.59098050229224,100.77655997853913,10.473613776779382,39.04760460951176,5.139685308747035,0
2015-04-28 00:00:00,92,180.175957656519,505.095506177908,112.875290774715,38.8846945115848,model1,2,,,171.02937605786124,15.119754874382632,440.1657585607468,60.49746703133714,105.5330791209617,11.709200892514286,40.60526994184824,4.418305717633699,0
2015-04-17 09:00:00,19,188.186901969878,495.384147968453,108.749029135963,35.7328299883078,model3,17,,,167.94628042608582,15.26660753972638,450.0783852876072,50.979411554095066,101.01886274930897,9.083121208986636,39.28417477762536,3.860215519635388,0
2015-09-23 08:00:00,88,177.537826964328,377.329533669531,100.712061669989,45.9515008729587,model4,14,,,168.5159233533229,15.382304543769534,447.3978480798946,44.50164387224554,99.6912079908775,10.61803089651619,38.95429845842042,4.473980666319379,0
2015-09-24 00:00:00,21,178.718347316945,495.274084490185,111.223312503499,36.2423579838217,model2,14,,,168.13464450345847,15.03937114925887,451.8405039397126,35.6810438049474,99.21139674836404,8.417231194586543,38.742356815183854,3.9330953366415233,0
2015-07-22 00:00:00,53,184.749144391437,429.688312216009,87.9356484475605,45.9370942794887,model3,5,,,166.45695737906252,12.765814146829234,453.7022533718764,54.77276540576717,100.18182814896684,10.648440676261316,40.238288198094175,5.023707526858772,0
2015-05-17 06:00:00,14,143.310336117232,382.805672500427,94.9226640095263,46.8719557752558,model3,1,,,167.69153896455808,11.991621327655272,445.2056537541487,52.60181380946396,98.1884778942544,9.375103236626057,40.632361960696166,4.534554822167066,0
2015-08-14 08:00:00,90,164.770540244491,445.503598047301,101.525449524583,30.2475670106143,model2,2,,,170.84325275960884,13.182337489530008,455.18470056518026,42.57173120713748,101.72624804776996,10.61366109960101,40.20696407150255,5.662484438992832,0
2015-07-17 21:00:00,50,164.975610559395,517.122949434526,107.051530378151,35.7746039690015,model4,4,,,174.0645360135487,13.869018991601015,446.7186929767816,48.726589613889,99.81961912052763,11.538072693690204,38.30595360954986,5.365153228217511,0
2015-06-09 03:00:00,92,165.889679175902,486.175368695375,99.1359924920946,38.8150191291717,model1,2,,,168.34555296553847,17.002437423651124,462.80596331564334,48.28187273769012,101.20471450514528,8.747731966678996,40.01379775989064,5.190425296788329,0
2015-03-30 08:00:00,100,187.728794070239,411.403215084362,127.899874395745,43.7582682779193,model4,5,,,171.40448717322798,17.474935862481217,460.55714472823297,46.58864803522122,124.60472896234188,9.09133288272427,37.94818302855265,3.9340280674267496,0
2015-05-12 19:00:00,48,159.858991708837,441.28440923718,86.1849734479242,42.5729096047293,model4,10,,,172.93306372382037,12.444651095286469,446.0925844271251,43.56583983934158,97.52088094723656,11.552597795482162,41.11824968353025,6.107660714326616,0
2015-04-15 00:00:00,91,178.814080952742,473.969530374575,98.7909694182934,33.1875100670211,model4,17,,,170.59978925304324,18.960760407507014,464.77752550723534,46.30580645644003,100.52865837920338,9.806697998521692,40.75720717260513,4.894235255838032,0
2015-11-02 00:00:00,79,176.832502716925,397.928623608104,84.8129427561802,40.5507436729585,model3,14,,,171.60093928751576,14.754127453002242,429.2211855749515,59.06632851065688,99.00466033744982,9.654257875311968,41.01874985324149,5.37579477428914,0
2015-01-31 21:00:00,89,130.781652814842,501.95453689357,81.4662385798747,36.5052035366578,model3,17,,,168.64469319105777,19.50360435780192,446.4496530426261,52.75763948377241,98.4536978824417,9.286634010583963,40.355757678576346,5.447272712658237,0
2015-05-11 20:00:00,8,186.61818359,446.263582278229,106.454111481135,42.8302835848993,model3,16,,,174.1733140653781,14.760059296686393,447.5638221417302,54.924277903138616,106.20225217379776,12.08663990328742,44.9698785949068,7.386197563036021,0
2015-02-20 16:00:00,93,142.744718378762,465.777290967766,104.95317364324,41.4409580800515,model3,18,,,171.03721190811464,16.711083028934112,446.74684278707264,40.44410773541407,101.58597400439236,7.095513244061264,40.08244722150607,4.561732703215617,0
2015-12-03 18:00:00,20,169.488769203059,531.929575922982,115.490537589401,37.8649586074694,model2,16,,,169.74155393362068,15.05918752779724,447.98119477692927,58.43055922846271,103.03479842348162,11.476577989150544,40.774439722888886,3.4639327363872803,0
2015-03-25 19:00:00,43,197.698449567586,327.098698823217,101.549656325208,46.4997752750409,model3,14,,,173.15681612106303,14.97116191020116,450.685562278431,59.19027190322426,98.80402784226224,10.525366758782466,39.933931675900816,4.876079939705427,0
2015-10-24 15:00:00,2,190.636351031331,514.614010898378,99.6216492919924,31.6846716673408,model4,7,,,173.24538845011364,15.558057494581844,459.8782742683224,62.271697403597855,100.76260068250537,9.0606817217424,39.32899972501588,5.968437973004913,0
2015-07-28 03:00:00,70,157.334336374686,387.258340291825,93.2963592754328,35.1380083721304,model3,9,,,165.69781089753687,13.34754412072859,453.8182697544505,47.49867127944746,95.63251486529106,7.197580127435533,40.55189861055732,5.039801003239923,0
2015-04-12 16:00:00,9,158.709105490222,392.310866361038,96.4342444540001,36.05077858884,model4,7,,,172.67778795567838,11.888228055392544,470.2053388117913,47.29855472638327,96.03761158384422,11.285569997688048,40.52816808672827,5.787330702720443,0
2015-05-31 04:00:00,1,163.093978576817,249.930317760327,127.550168503041,34.6914410655999,model3,18,,,167.60088366230215,12.385795050396563,458.1727052699024,69.04306800042622,100.08455016352514,10.391275623778943,39.56370483329759,4.893412617732792,0
2015-09-04 04:00:00,85,177.594322749775,419.204723135123,107.315693063243,40.4696964470822,model1,16,,,191.47967598254573,15.747946193266008,441.6189661496937,32.739710075302206,102.29294517971978,9.942753028116988,38.91402900245304,5.523150602394486,0
2015-10-24 09:00:00,48,155.618840644176,451.948307882995,94.8252073642712,41.9344028711641,model4,10,,,168.15746561169342,15.031139390448846,454.5760285918759,42.61059661831864,102.9405250819798,11.424516190888529,39.81123635465151,5.409991909010324,0
2015-03-12 19:00:00,4,183.171777005433,451.47949558217,93.9290614655277,39.644324576258,model3,7,,,165.94754601730685,18.381963758812585,443.1518136775214,55.899818086481616,96.24898920461784,9.06052341400353,40.44682597102626,5.824150749765773,0
2015-12-28 05:00:00,24,177.725097367664,482.854546986025,112.817047014966,39.9725033140935,model1,20,,,166.60694133818575,12.53806775418285,459.04744495677073,60.15458417668078,99.60565764865004,9.69764299490203,40.59904399263751,3.8092984844216247,0
2015-08-21 18:00:00,72,175.713199193843,517.333187581654,127.424987151605,41.8827778684487,model4,2,,,169.87443574336086,12.300392842296729,456.35911930628936,58.22956124385978,100.3767427617962,12.62783570115451,39.035816810494666,3.2660696439555474,0
2015-05-19 03:00:00,31,210.5345811484,440.471317340961,99.9625570458287,35.9167524363745,model1,11,,,171.96450133069695,16.421127681696493,455.7753496791853,49.30229644193193,97.18024522870428,9.548018244110672,40.17517180528755,4.546669455684561,0
2015-09-14 19:00:00,6,186.781160038877,448.017796264804,92.7358868990011,38.0673511467293,model3,7,,,165.38442152384604,15.844128778369576,449.4984425211171,53.4238744049324,100.07938175914312,10.487992571538868,41.00764377913152,4.796858372838022,0
2015-05-19 22:00:00,95,191.677568506933,405.750916664035,107.608288430937,33.5179539157598,model2,18,,,171.33495034837583,15.696628467949802,450.0804233932286,49.67175043552068,95.43116820736826,9.42078539633762,39.52688320840304,4.595411885968487,0
2015-07-07 13:00:00,15,158.26256545226,437.982296541472,84.0891765180066,42.2035011567766,model3,14,,,170.5861855911639,13.95185465678359,450.1214909805964,34.72887748421701,98.27158880098256,9.47993929400931,39.52250350194751,4.46093971677565,0
2015-12-19 15:00:00,61,150.807262304863,399.960981473023,105.802269947556,39.1699427153436,model4,2,,,171.605520608794,11.346184036172335,444.29605692887225,52.52111458920715,98.83056798963132,11.250689516666752,41.047029247561085,5.875990643329081,0
2015-07-22 11:00:00,81,179.049378002478,502.960253222841,107.710541173278,30.4050749800911,model4,1,,,168.4325435202447,14.985839093066213,453.3422030110127,56.8389939378347,101.76950572365703,9.476257144222531,39.9480852238641,4.925285771990264,0
2015-09-06 22:00:00,57,158.098009299278,447.800510541962,102.13833422728,50.1149084357301,model4,10,,,170.0534539058026,14.56994152611099,447.59622684642255,49.119722411204094,101.63707460679724,7.196060205985134,41.25455184721064,5.345521002821753,0
2015-12-14 21:00:00,34,175.03778585219,517.457244566444,101.71606712358,42.6692050780382,model4,10,,,171.85561518100727,13.690929040160142,452.720097682024,49.23944981983632,98.33784034171627,9.15802656095084,38.570714518523225,6.826189150731143,0
2015-02-03 08:00:00,94,171.008787515131,434.152157076135,105.349763811803,29.3125217757835,model2,18,,,167.68383808899853,17.700691110353155,443.9924737424241,32.61464906567439,99.39122609825024,9.898295793831316,38.79934670895727,5.888740830613298,0
2015-06-09 18:00:00,56,168.240220945561,470.738801347729,99.5574082747074,34.7722079831309,model1,10,,,165.99878627319688,14.14217147553265,398.0719686038474,71.22374529310765,102.1938908468215,7.067391525329729,40.94513146242159,4.7473089599128535,0
2015-11-02 21:00:00,94,169.697433269403,447.190756622683,93.1133091997745,32.7741147484841,model2,18,,,170.019043020311,8.776549893958007,375.3217836595252,49.946503193932166,99.53405713796502,8.026531430793344,40.01642358497418,4.846603284765089,0
2015-11-11 21:00:00,42,162.885584005977,448.119003443003,101.670620359937,32.2145509804449,model1,7,,,168.7593364159033,17.893017054893424,455.89166442946754,48.46196076548326,99.35432064999804,8.915379844574929,39.13641785848623,4.977767580675163,0
2015-02-11 05:00:00,61,166.770350238897,526.144009310047,118.35470648415,41.5836633939751,model4,2,,,167.79694319722435,17.40293034816689,460.7040407141954,50.698102174060296,102.10706869594377,9.95484864642289,39.370024403457705,3.623163312894087,0
2015-12-06 15:00:00,35,182.955201545815,358.401901372488,104.954026184832,41.8725992041254,model1,17,,,172.94102977273258,14.455001240477111,434.835095666658,55.43358857517509,101.69895420098248,8.75536949276879,46.46374920602553,7.976260610594876,0
2015-12-09 22:00:00,11,169.040834052268,458.36838072923,98.0633422277595,35.3042796923239,model2,6,,,164.50985549912912,14.31366842581997,446.2450946098352,39.12988087177543,99.37339194820044,10.027450824877269,41.37108696698731,4.910513070351722,0
2015-06-17 16:00:00,48,175.205099672796,401.989170965808,90.9840300036464,40.1313031966059,model4,10,,,174.82804835665448,14.944145502330478,442.876204902401,43.420568082869984,100.54992409557678,9.723889697868255,40.078159157578575,4.351065869210104,0
2015-06-24 01:00:00,27,159.056460330659,426.146972211173,99.6939587757918,33.2999780688575,model3,9,,,169.17169540953253,14.160391058050983,452.3564023789408,56.85061671555367,98.70785245691908,11.49746049148303,39.44964205263347,5.477908480145863,0
2015-12-16 05:00:00,1,220.003311187588,414.947144967182,97.2157287776133,48.4923817385764,model3,18,,,175.76070468372447,14.873818638912471,441.130061246118,44.3398835365199,99.52701766203944,10.842579774648495,49.72264324842112,4.490756572748668,0
2015-03-16 20:00:00,20,185.786488706021,469.156201882574,88.3581250583437,50.4928092137951,model2,16,,,191.1427688670209,14.92071857212425,456.03774089954345,52.31396090704666,96.22610951689448,10.945776958688668,41.73948576187183,4.144175389169789,0
2015-11-13 07:00:00,78,173.395939865181,452.073353826624,139.118188963611,33.3987778867841,model4,19,,,173.04530202467097,17.29659294182434,438.7297423595509,45.552173456400375,121.62030704148486,14.959540813738816,39.19169870518009,5.819047410893394,0
2015-01-20 12:00:00,56,181.597877227692,457.294405692111,99.6657890714364,36.3768467901822,model1,10,,,170.56385953763933,17.986082750788988,438.7455333363626,48.46640773811067,98.3470448523435,9.12959716147514,39.862147452871305,4.069561795805208,0
2015-09-29 19:00:00,75,141.495334543301,497.760821092369,101.201227607203,40.8376609475817,model3,19,,,166.44670554925662,17.126327802564827,459.4147676705555,38.58867426043262,100.11195165071436,9.522335047027653,39.51444306889282,4.338998925744788,0
2015-03-21 10:00:00,57,171.138391022953,484.106974885745,85.7648626174664,33.0953815562678,model4,10,,,171.31630136670364,12.48333555830399,451.5875193266304,61.2021199248954,99.64173829490652,8.680140584191134,40.29414040341325,5.339637303060225,0
2015-06-25 10:00:00,85,168.75644340189,443.556764161949,94.0512613953361,36.3981761547065,model1,16,,,178.52303452072388,15.786547766877076,453.3315536229721,47.71683321839473,100.81575779957484,7.58674878232717,40.46538829125691,4.258312167249375,0
2015-08-23 19:00:00,95,155.220989998469,402.135846859199,115.647539460588,41.761181585188,model2,18,,,189.0854395860404,17.25076872148344,439.4939857524358,57.847034190214295,98.92082768360972,13.125159248528156,39.54766968235506,3.9733145095622655,0
2015-04-03 21:00:00,33,158.097161222683,471.390224397277,83.658400840127,38.9790022950016,model3,14,,,169.48609372469892,10.521125378778097,428.1080016549272,43.33656602321425,97.86098293323109,9.565229984089424,39.89118591963159,5.876487084433053,0
2015-06-29 22:00:00,54,166.606956560262,494.617769048769,119.426692174489,39.1542232507029,model2,10,,,175.4496490905303,14.312022046954825,445.8574080968156,38.06953656376024,110.81571022733549,17.106507727500915,40.90692122780965,4.043980866650896,0
2015-10-05 08:00:00,40,140.457026424781,466.048574815455,86.3441078636225,44.4392246442582,model2,4,,,170.24574875235368,16.490973319269017,443.49170400635535,51.46040609069493,98.59627661350235,8.921929943422935,40.41986293519832,5.743653817904661,0
2015-03-03 09:00:00,93,158.181860887545,466.789432609922,99.9938674052751,42.3414342167035,model3,18,,,166.9252867881877,16.3960493541185,455.5553192669707,44.954931163034686,96.7187555959399,8.604557627714465,39.771903864705614,5.294143535827275,0
2015-03-19 18:00:00,14,175.671253567301,418.899530714251,97.5353501828807,42.4469686066208,model3,1,,,169.87523920694795,16.8025262219035,438.3577540208891,56.376888844554045,98.7120500885161,10.245527751603415,40.66889067973607,5.171868605531346,0
2015-03-29 17:00:00,53,159.201774707821,446.553418771069,110.586680226305,40.0745270880081,model3,5,,,178.01029333341071,16.636361325286117,438.7224954105627,43.420852546912975,101.86793884782448,9.750545153046058,39.82179491215634,3.845940452721308,0
2015-11-01 00:00:00,45,180.867586152864,420.217243992172,111.078843448754,36.0150653173067,model3,14,,,173.49655090269732,19.968422755595057,450.2892240273006,53.81870131258188,99.49142320121923,8.433638978737015,38.67750445621064,5.11007248919134,0
2015-06-19 05:00:00,43,180.937103478171,397.265047073496,96.3793453226101,33.5468554436568,model3,14,,,170.9870198079644,18.293036491608145,463.43329401078194,50.433800306896494,100.20248798091842,10.2067723140035,41.57568587552803,4.628921279477026,0
2015-01-30 03:00:00,3,189.603438817201,456.399894294026,119.894930322615,41.8742801209473,model3,8,,,168.13907257004868,16.166733463065114,462.8627042615727,53.32834701048673,103.19863556150972,10.677662175627184,38.19616069606386,4.416787107301781,0
2015-12-09 18:00:00,91,182.755284441744,471.724660911725,93.6002848206117,42.1726580839174,model4,17,,,170.01217906529203,14.753759553795971,447.246898584961,46.46878103849278,101.35825313150912,12.310549177758793,39.64396277546797,4.7634877378317055,0
2015-11-26 19:00:00,98,184.903313365451,484.170287686453,96.0926770174076,36.7483069744033,model2,20,,,171.59783668451345,13.95608522702077,444.5564884718663,51.2823931588966,112.62444293371624,14.70477537327348,40.74467129527663,6.43987630692249,0
2015-04-03 18:00:00,71,186.235485824922,377.877301063039,100.228408077402,37.7013088580353,model2,18,,,168.20432424657943,14.637476260244425,447.5808332796894,54.60031079502768,101.6367579900953,11.856175797654492,40.48944324852714,3.970398974303992,0
2015-11-06 11:00:00,69,180.24366442901,553.198272713427,101.184412574633,36.6836478492337,model2,19,,,172.5329640092884,12.262490074430884,437.41783899228943,57.35344297781984,102.08622110842468,10.677331731798985,41.17877893492582,4.1660161822167785,0
2015-11-09 22:00:00,88,180.3126148406,446.786748840475,95.5374639529344,34.4366653559815,model4,14,,,176.76049305954157,12.449896645274263,453.9285051351212,54.070696672264646,98.00562496195062,9.033311400765932,36.99338072594226,5.483561268877567,0
2015-02-14 09:00:00,57,154.732351183824,443.255313803203,107.241426633734,38.4516908045046,model4,10,,,171.2709080760269,16.435032939177532,445.7756059372509,57.28074435010125,98.32153875874072,10.235979405715495,39.45726749346387,4.659329285597936,0
2015-03-31 06:00:00,77,159.153617269232,431.868666496482,105.92065711698,33.4269166055098,model4,12,,,174.75300033423366,15.082389912200156,439.9916347738126,63.21208318271248,97.58171694111354,10.781081583779878,40.140273389967504,5.689983688959081,0
2015-08-20 00:00:00,72,185.363316138562,381.1597720873,109.793461703644,39.1737495844103,model4,2,,,171.53958883152424,16.06423544727509,434.4068648499804,41.12558018313353,104.2414916209962,7.933312338039092,39.95657078154792,4.352734322825637,0
2015-07-18 14:00:00,5,184.998538272544,485.12963808233,94.7368926191756,36.4479773897855,model3,2,,,174.16508462539562,18.884177359897503,454.6874607174565,49.162366143267015,97.4391124315374,9.777041643826625,39.91565521194025,5.68317894785296,0
2015-03-04 22:00:00,77,172.41771165831,398.24744661935,99.3545883930779,38.5285480456159,model4,12,,,168.79739303589915,14.827794786913474,428.8094904104737,48.40461504909397,101.85904898260856,10.861351619246753,39.87100536579924,3.535724563628332,0
2015-10-05 17:00:00,61,163.03336314009,441.663522455048,103.347487753916,38.6240698303815,model4,2,,,171.57832657450425,15.049499950358712,449.93913046689767,40.25712430502072,101.8534734665088,7.897823734890307,39.89725183414796,5.002433196515991,0
2015-04-08 13:00:00,25,167.806239741379,562.121469600728,90.0502411517144,40.7131023695976,model4,16,,,172.57705548279262,13.491152379920548,448.59081916068885,44.24866699487365,96.6190023650272,8.556622685486275,40.43659854108042,4.562693046472518,0
2015-09-06 02:00:00,12,182.683022028657,350.652173772327,103.846737031166,38.3233839427585,model3,9,,,168.99508982854186,13.22454210253499,447.0927639094912,50.43872234720176,99.06375846795764,11.379400205548508,40.67748170605302,5.832773044518073,0
2015-01-24 05:00:00,55,205.337952565855,461.339059876946,97.8629341283951,34.7041497981324,model3,17,,,171.77874134548745,16.441751584899382,455.9010683859952,56.76234465305265,100.97620327758784,7.085051550530087,39.441736898778885,5.4626025307336405,0
2015-07-01 11:00:00,93,193.289155696481,428.933530622595,91.8847160606645,48.5409686347648,model3,18,,,166.83633421466942,12.528480254303112,459.7858502723908,62.87355586409759,100.2260446991739,9.779700325850376,39.40144989538013,5.231780188291224,0
2015-02-15 09:00:00,34,149.073157591381,391.77580398957,97.9182988824869,40.103833613955,model4,10,,,164.6579206755512,17.32246569817796,447.1138795854052,40.906917733415234,97.37843868386638,9.539070858837295,40.91650435289213,5.4065991717204,0
2015-11-16 15:00:00,6,172.177150154899,485.647009315896,107.644045178805,36.3012409356733,model3,7,,,165.9986907851189,17.79251650102773,451.11130830196606,55.974936595454494,114.36717632074128,18.12006139017822,41.40734806988314,4.645362469879665,0
2015-02-08 12:00:00,10,128.891462362592,420.210783749,88.3600024907823,36.9882437968049,model3,10,,,170.0115168995607,15.617572595435078,453.03242227991626,47.72637265875395,98.41128508977587,9.69944022654986,38.689716881689726,4.732067482489056,0
2015-04-15 05:00:00,76,156.78086349093,444.920384592415,108.888962799869,40.0349896728312,model2,10,,,165.23116345327182,17.365842156413883,431.6479228270202,40.1075399433769,99.57228943554746,9.41193314070276,41.14253918889045,4.85371740895649,0
2015-09-13 23:00:00,29,153.292048177311,446.410416976212,89.1480671930218,36.2873706073042,model4,3,,,166.14570160921704,15.673114642159817,458.2950784447593,48.46715897838415,99.75314321146004,10.740891207874013,39.41982774782706,4.321906740450562,0
2015-09-07 01:00:00,99,161.808904998129,397.321648485578,96.4784563200605,43.969498201089,model1,14,,,172.61121040168825,16.609406715711057,455.3872533835989,54.33610831883504,101.81712938981028,8.623700176842666,39.558568371685816,4.7824418104113935,0
2015-10-13 18:00:00,69,166.333510076937,473.653418179397,103.097781670385,49.8980126082064,model2,19,,,168.50987522271512,16.655657512470786,453.2556824542142,45.80642984015919,102.24747379092186,7.811495867034517,40.36052330312498,3.961869765548232,0
2015-11-13 19:00:00,39,164.353925979225,446.825906508663,98.4420303401095,39.0008897136445,model4,0,,,164.73174477653976,15.844010185005754,453.464986784971,48.70154097130089,99.28409105374423,10.846349484270808,40.31874315706949,4.028885352108598,0
2015-06-09 13:00:00,77,203.949402378577,499.651279608456,111.669129427164,39.933003499681,model4,12,,,169.20280341161967,18.063832354773705,440.62614626063527,44.05086847308832,101.73954500134565,8.39552391328023,40.091757020255365,4.472065256064186,0
2015-05-31 05:00:00,16,172.205413423586,360.309688747124,90.9849606165912,42.1706694019521,model1,3,,,170.5972103671548,19.12142132158177,351.21655211667445,51.84588507594898,103.04340217620262,12.40818287158678,41.304112726792056,5.694195272386901,0
2015-12-03 22:00:00,52,169.153414757316,440.453162513012,85.0379019491214,33.3317979350028,model3,14,,,173.67448840682047,12.926225590210754,455.725051008729,48.39084303022842,102.60743073131192,10.035070925138625,40.604509445422856,5.256185792298795,0
2015-09-21 01:00:00,75,161.880659185759,404.743381543538,98.1816542254588,33.4743406940892,model3,19,,,172.4054321344075,12.916082162634073,456.6261885033359,67.47442306260174,96.0779013017235,10.214688762262876,40.79255882220957,5.208899124104159,0
2015-03-10 01:00:00,56,165.186703243701,473.377231511956,103.591051748574,35.0498168407635,model1,10,,,172.5845298805888,14.643834025309292,451.9430050599137,42.3769152799564,100.90111883429718,8.213660903014036,39.23332660678857,4.278059420371067,0
2015-10-04 20:00:00,15,173.492567772215,411.937511268053,109.226968799713,34.5686743573233,model3,14,,,183.46550610294605,21.53912630584049,438.1989966154219,65.6527998480924,101.4511081863684,6.536674202336132,38.61590915019811,4.747675001528264,0
2015-07-21 01:00:00,20,215.328100268811,443.667951411648,73.2539014530652,41.5243241951341,model2,16,,,169.42189505502392,21.453930903925027,434.4959938925672,46.97780013024523,96.6506231209878,10.33474053696832,40.73313623018447,3.8880437279298894,0
2015-10-29 21:00:00,42,170.746927028631,547.412533412213,95.4456077264058,33.0806371847438,model1,7,,,170.64651458917828,15.180368997900356,469.37179661099566,52.74285863275247,102.8280863424884,6.919039808721617,39.78479634289681,4.799089492003571,0
2015-09-13 03:00:00,10,179.373536507047,450.675404457066,99.7435528596829,43.5809583118497,model3,10,,,168.6259173867954,13.436691547853345,453.7700588960144,53.78699332596299,108.27839868192189,16.223232122600223,40.3452459057844,5.006862903601462,0
2015-10-09 04:00:00,38,183.464243710969,483.024191821327,110.895399781492,32.9803358775422,model4,15,,,165.55007506711618,14.89736921110361,428.9872958828126,56.23977768291043,102.23119308267978,7.823781213244814,37.97924832738608,5.158669330170123,0
2015-04-13 00:00:00,33,133.846092609916,416.587518188002,98.834181398054,39.340789863232,model3,14,,,169.54707996014096,20.259252063193877,452.6184619730975,51.68864546091335,100.9775921163785,10.690068795035486,40.00271445558746,3.8230612680512346,0
2015-07-30 13:00:00,90,182.249753586747,459.8928538479,101.952314979437,40.2021360980427,model2,2,,,171.41431338325663,12.47534623880478,449.6206358107301,57.60010171156424,97.8076936217581,7.000109823938407,40.660533299407,5.011165602940941,0
2015-08-28 18:00:00,99,161.166108926948,404.503421514613,88.3228768495274,39.8203306448615,model1,14,,,168.96728541855583,18.444724000157915,427.44937571715786,50.85530412684943,96.49486635129692,12.486431778381302,42.04942137742094,5.06551439196941,0
2015-07-11 06:00:00,88,161.206819322534,509.493851397746,116.439255624463,38.1018285562126,model4,14,,,171.92858546376002,13.415245579559356,452.42859383101535,34.30797534649381,102.87104404961174,9.333387612232162,41.33616319927105,5.47522950643209,0
2015-09-06 12:00:00,93,163.572825492649,440.320872275816,103.850580130389,42.5334060839385,model3,18,,,171.15435581421875,12.896321339060863,452.4471821605442,57.23129565751029,97.14649098422731,9.63743127430194,41.13936785641016,5.005722977607555,0
2015-03-23 18:00:00,68,177.410967494698,488.321521790577,103.91294065389,33.9935424599586,model3,10,,,171.98596738575066,19.52440026258532,460.9725964381112,42.58310150056448,98.69521389374628,9.183726155977284,39.66842706254251,5.442112183108165,0
2015-11-26 00:00:00,36,151.308313962513,562.710870751836,103.957486995351,40.0391433197519,model4,5,,,172.02637479603433,16.34482805157062,450.7670869414082,62.546195361800486,104.87016311336248,9.154602602934096,39.601414119776095,6.595647445801276,0
2015-07-18 01:00:00,90,170.139018464464,489.448095344511,126.303768264468,43.8990036356455,model2,2,,,174.6450225434089,14.267389404817498,448.9980973223935,40.65383935218218,125.1749667438088,9.43496572670287,40.84986514748184,3.847694224565197,0
2015-09-30 22:00:00,37,175.124226563743,448.533200430064,108.321373862059,45.7559156521848,model1,16,,,168.54884642184177,14.971244536365484,448.8135296178209,41.732992069955294,98.9835345654767,6.666380968596903,53.01655467003874,4.894932751196063,0
2015-10-07 00:00:00,63,180.196756878303,473.292981491252,102.599188426128,40.5523204353686,model4,14,,,173.74602620225676,16.654832732114965,482.6539497396748,57.80250929305848,99.9389267673011,8.975689942945825,39.71619272578469,4.230163424941743,0
2015-05-18 11:00:00,61,149.554183302677,392.503360326033,95.6971513151544,40.2031728844367,model4,2,,,168.69449856047223,19.33678077442108,437.4457014336635,54.43386088821143,99.09126811930936,8.370234023373337,40.16189081339807,5.060525322201171,0
2015-04-24 01:00:00,52,139.775522436524,395.229348664241,93.220075347634,39.1605057642828,model3,14,,,166.6503240099456,19.206589705721004,444.4469911078842,53.975117903426046,98.9155065457471,10.611609907072014,39.275551732082086,5.217819186302266,0
2015-08-15 23:00:00,7,164.948643176161,442.842077836569,101.647045181912,41.6245486963081,model3,20,,,168.75063050575145,17.94109466028397,449.21211671372185,48.26107103215051,99.34012672055944,12.070463505208222,39.81642245544274,5.163993052947902,0
2015-04-07 21:00:00,82,193.710614743009,419.601659274586,99.3190522895056,36.2787310289599,model3,11,,,169.43174795982276,15.599647902263063,461.8006488872614,47.38815793360798,97.667195751227,9.546757385325092,39.24162553096417,6.402137238470667,0
2015-09-11 16:00:00,15,171.101619223114,425.063408048784,86.4950248723636,44.692994085956,model3,14,,,166.99327676971953,14.11276425822348,429.7316027525529,57.11392027835837,100.99165111068125,9.003074118402052,39.87455101543609,6.057953739408937,0
2015-11-17 13:00:00,14,192.756155115085,449.266241491977,118.211098893208,32.9558653074459,model3,1,,,166.91610784539526,15.542835779232842,460.366199567746,33.54431357247456,103.51518173678154,10.281715080328864,38.31261734682614,6.115153082656328,0
2015-06-10 04:00:00,93,169.723831400589,437.452918323479,67.4536783022697,40.6564142254515,model3,18,,,167.16740596758174,15.361226010429483,442.719301103261,37.47928170656687,103.49858614852737,12.492836051193091,38.66371032721816,3.8375875320470993,0
2015-07-08 23:00:00,93,167.61999873921,452.669277492524,107.002106942063,44.117545945907,model3,18,,,167.5843826162146,13.7409176574135,442.9006308425346,58.89538140031463,100.82372478051626,11.1504949607615,38.65896353181932,5.538158367559951,0
2015-09-14 02:00:00,30,160.175897081068,397.254883555016,89.5696710820702,41.2054471678247,model3,20,,,172.42316869476053,13.759377652469563,444.9258919189648,42.54904516233553,99.48618779363215,8.691906810067996,40.07116237589308,4.977241214346675,0
2015-09-03 01:00:00,86,200.212747525835,473.868143515256,113.548272192595,46.9619748747207,model3,2,,,170.8431893651456,16.87416339156709,450.67629306246977,55.29227545203421,101.92146564684288,12.307009000499292,38.28277132668594,4.608769373923582,0
2015-07-11 02:00:00,8,167.980447760584,390.086420665412,102.188791834543,40.8920586400486,model3,16,,,169.2486385487568,15.878639263062857,446.3605862273153,34.33715119400594,100.36556552009758,6.970723179696839,40.3571630504926,5.676284249521217,0
2015-11-20 04:00:00,89,157.44753893577,437.478317674346,114.307172807881,35.2246151474119,model3,17,,,171.09680472260877,13.65539609170558,433.99938846204526,62.5814007141764,98.18226309602144,9.3570510548703,39.35942875244601,4.737098747488101,0
2015-07-21 00:00:00,58,175.280947850848,406.747582356311,87.473764412924,43.2534136854079,model1,5,,,171.97598085320317,12.813998705930397,441.1345645370884,41.02529080331107,100.1363987355352,10.890461498723605,40.58910164932677,5.572721496022858,0
2015-01-25 22:00:00,50,167.687420999487,363.621701380551,91.5704540820252,35.6975651322274,model4,4,,,170.86428003499475,14.03139756841912,433.9447123006283,66.66437576289977,97.41320771084116,12.034187900403523,40.66518197713541,5.169852903325814,0
2015-01-07 03:00:00,100,167.364513437236,493.856379359425,92.1589088993038,39.6543943901477,model4,5,,,173.09161422995166,18.52264848689256,444.3512138896604,45.33813377388044,99.75598165617602,8.504370184178807,40.61314941495663,3.47644893947325,0
2015-12-21 19:00:00,43,183.976305263028,445.126117253626,112.897650572952,48.2767080569206,model3,14,,,170.2288927388108,15.428529191651062,445.4897051259822,56.07764893148065,100.60132442563578,11.807714837563152,38.97325819860897,4.823496282040463,0
2015-08-23 05:00:00,79,191.843597602254,500.281805193363,109.102705600173,51.8077032059372,model3,14,,,168.03236885522395,14.86112563691188,435.7871623279895,60.95153607062827,99.79692542328262,9.69670974771938,44.950058561776586,5.899962390450037,0
2015-07-17 08:00:00,96,181.917521894168,487.006084327261,94.6996267091107,36.7106259571812,model2,10,,,173.8114834132956,14.605656125996,463.2514449584734,38.82837085338397,121.91179121475976,11.009678580772803,40.89800455952025,5.055108360869787,0
2015-10-29 20:00:00,39,203.148187539088,505.074980301857,134.436322086005,39.3507105175211,model4,0,,,173.26763671235395,15.642058894556028,450.22255282718055,51.40951266646563,124.3980547323876,12.015252403923332,39.05675980288975,4.17657934709194,0
2015-01-26 16:00:00,92,190.028305953651,466.14160366885,93.9378634645778,50.8448414226529,model1,2,,,169.75077938468263,16.46772263137234,451.2789708298244,40.72039579580076,101.97618721891092,10.755163474649716,40.20781054676492,6.664025136959309,0
2015-06-04 19:00:00,40,168.238477738038,476.631020335344,98.4438818962048,39.3615391100292,model2,4,,,167.46489575392607,13.153436843622366,441.6966901263834,47.95709867856106,98.27162168635108,14.267218467799657,39.28279497542177,4.634276154012315,0
2015-12-09 07:00:00,98,187.218044770489,401.767508527226,84.0068160778486,39.0068375110242,model2,20,,,170.30786590185753,14.664716371705682,424.5836549226337,52.91872279407572,100.23845460874612,9.83389429347742,39.40625697703695,4.277257572886246,0
2015-07-22 00:00:00,13,182.615353570182,504.128248567582,101.612730676299,37.1237734095291,model1,15,,,167.25314147531756,14.62216994908425,440.822942206308,52.94039482905697,99.77141534799942,6.894438937006091,39.70627932448514,6.291436713594652,0
2015-11-01 18:00:00,60,163.250579599229,441.149849814936,108.463159283868,41.3514191747865,model4,3,,,167.9874288204981,14.525800425878431,450.4648082226158,63.63120877521372,105.4736387144586,9.516582101332252,40.25316797830447,4.625608822413003,0
2015-03-06 01:00:00,59,159.2552189516,476.167446467271,108.155000047173,39.3275744618381,model3,17,,,169.0883217536109,16.447448665051585,454.46591104169306,53.71377463201178,103.09967140858748,9.84745465067727,40.26700014551617,5.822259193197181,0
2015-08-28 13:00:00,90,142.563659150595,555.902704417131,91.1694108218692,38.0220253207589,model2,2,,,171.42960281694943,16.52078845557674,466.7757153365706,58.26695356594662,100.64362150791408,9.535231618016644,38.47289343722832,3.0475900946473478,0
2015-05-18 21:00:00,85,172.059642925361,413.481858352448,87.2172328728504,46.8588609304718,model1,16,,,167.67853789871398,13.763887473174476,432.03204005956167,37.65281429944392,100.45901714181517,7.795548588531725,38.67079884650033,5.177238345655977,0
2015-03-03 20:00:00,43,167.745354351852,360.586882761674,97.7973443508343,35.0579015704088,model3,14,,,167.40449801577543,15.132044199907687,437.9711019847138,37.01823346585779,100.12310015212712,6.331864383097818,40.92973735568558,5.227900801829496,0
2015-04-16 02:00:00,90,165.883075607232,474.220156390318,101.276098475979,41.198065908694,model2,2,,,164.41195328163917,15.863780613093564,450.00191171294,40.20095575202738,98.54457730997188,10.215303975833612,39.94924827273668,5.1670134802163465,0
2015-05-03 19:00:00,91,174.999327477987,502.708571021498,92.2273174544991,41.0096399310849,model4,17,,,169.039047784088,14.920319520791612,463.61195550988873,39.32316426264457,101.1141342576124,9.710478324869388,41.79957252293179,5.216877738680305,0
2015-11-26 03:00:00,64,159.055051853159,393.280259847585,94.4863093476523,39.0674893955635,model3,20,,,170.70405571489414,14.628723664490137,447.8780309477833,37.73107198367498,102.0255409960708,9.502879002231058,51.28939763564366,5.556118130165497,0
2015-12-02 08:00:00,1,190.057142932004,347.140183163483,128.763082965757,43.5485199850392,model3,18,,,168.6109075700185,15.744953092073688,459.6571179782284,71.71704080156537,124.97388746501832,13.04226905007698,41.97159810748948,4.531845058975415,0
2015-10-05 05:00:00,99,162.603162887824,466.371714818049,87.7761886409781,35.6809647045088,model1,14,,,169.85781061028078,13.80126314980687,433.10817711133245,52.601886242539074,97.26271941412112,11.269273987756518,39.37266950682629,5.0587429127953625,0
2015-10-20 02:00:00,20,172.534897113997,389.417177355342,95.2432696167668,41.8169653204963,model2,16,,,173.15337885952212,10.590828772969704,442.5865355908134,59.83449905806669,99.35527809487228,9.922449885713668,39.85969862179889,3.4731977193791668,0
2015-03-28 10:00:00,19,176.161979942844,415.901312785955,99.755742478526,38.8141035797867,model3,17,,,174.45751480435797,16.240282973644,443.1890563385209,39.01193857709398,102.68626746814331,11.985601705417674,38.60595322494195,5.301184270833936,0
2015-02-07 07:00:00,94,190.868787633542,453.242087446155,101.360642915627,45.115154614116,model2,18,,,177.2203326265392,16.005178501432063,451.2485762344239,48.70872204563661,98.25392970674191,9.68460002033594,41.982472485963314,4.493622691116004,0
2015-08-21 04:00:00,81,161.85499797078,446.760035735388,95.0514815660127,50.7258928450302,model4,1,,,168.18913881347927,15.33963503652343,464.19385103843774,38.131328268803074,99.07100960695708,8.410145419218185,41.74854367177366,4.9721603555521146,0
2015-01-31 11:00:00,48,178.843220862814,462.307868953424,107.41891074094,35.0354795919602,model4,10,,,171.3084137842972,13.357219056075008,462.2196849182209,51.050550748710656,100.5206832134692,12.306568484936138,40.15619794577994,4.553094276871651,0
2015-01-17 07:00:00,38,179.147972051772,400.539715566039,116.78734308745,26.3512387330237,model4,15,,,166.20242730246542,15.306615344924465,443.49030274552223,40.69725726503618,98.78529243408326,9.833785555231936,48.950041538464006,7.399047754656248,0
2015-12-03 12:00:00,38,155.183085289454,474.182195015207,103.168316548925,39.4133033475267,model4,15,,,167.52318455324465,12.797323396503842,432.9560324428963,44.53678670832165,94.91916963071814,7.435057698447701,39.14338054422196,4.200825038719286,0
2015-05-23 23:00:00,94,159.453047428683,512.871273885805,113.698188266188,40.1764449332003,model2,18,,,177.07315825824142,16.11712206772415,448.5225316914221,53.24020720645309,100.0480647556188,9.402917548698271,44.1899162377126,7.236128604494409,0
2015-03-29 00:00:00,90,177.453784191133,492.336068974169,91.6758141206777,37.6421577015468,model2,2,,,172.77764314620697,13.70167222255605,453.00665648495664,56.32559510904262,102.39065367250991,12.3443133305962,40.55318513810485,4.184983227597505,0
2015-12-03 10:00:00,56,160.693531743987,478.02814554113,93.3950775413713,48.5493763073927,model1,10,,,172.77020323993847,14.578094296605444,459.50032949882274,38.56457258125571,102.36603527458456,8.290361590456644,38.70867375962274,6.770069567526148,0
2015-09-04 02:00:00,56,182.334198060502,474.648628032701,92.5431336977057,46.7060128308504,model1,10,,,168.68274478195158,13.78987895844816,435.46357293937217,47.43849598490863,100.72611687231203,10.9190612889785,40.80218652716295,5.110385920254913,0
2015-12-10 21:00:00,56,191.73456776373,458.536050201601,102.24476932113,36.6476452479832,model1,10,,,175.13542243750965,17.655025191374595,445.51990996174936,35.61476973316899,99.23300857632884,8.44080806546918,39.29065132213529,5.026061134682499,0
2015-11-17 16:00:00,14,152.595249594668,466.701805332555,93.5011642340868,34.1741979508007,model3,1,,,166.9021751821455,15.729934559114676,454.62609689441496,36.11256540760287,103.26189422433896,10.478812544043556,38.86464619126863,6.7371420378134985,0
2015-07-14 03:00:00,62,183.905459731797,407.557715510196,95.2826482467665,38.8314749514426,model4,20,,,169.64949720094992,15.031189794334283,442.9153889730462,43.24764441441646,100.1698559760509,9.580010256402456,38.78997850201442,3.6867545851081647,0
2015-09-29 03:00:00,39,186.496089920914,380.968379735158,88.6793840354206,35.2848886922367,model4,0,,,170.27378311748564,17.1254453641051,456.68361456875886,45.43947873626329,98.20865806211944,7.809222508904352,38.51143853455346,4.451759451728815,0
2015-09-22 16:00:00,78,167.239924483376,450.685413735674,96.4718119692974,34.1657111846747,model4,19,,,169.28178565679238,15.864797302002705,443.3730933307588,46.11149828124337,100.18959132846798,10.705801803224857,39.09360477744104,4.334874710481886,0
2015-07-21 01:00:00,66,223.044038624783,391.443803428748,109.163484257377,42.7150336791305,model4,6,,,208.1274566960886,17.626421453982378,431.7530029540221,34.008534292957535,99.11550246089246,11.39536003872642,39.85824729036907,4.078268608369488,0
2015-02-03 18:00:00,17,150.923269928583,399.734995434675,117.817399302695,34.0100201304333,model1,14,,,169.20352771087025,14.938535484551576,427.5126006485741,52.32577487017471,120.92611017869883,12.139250311442872,39.39157830013802,4.005698330074291,0
2015-08-14 09:00:00,2,175.161344969796,385.031107548687,94.5288576788056,36.6548226533056,model4,7,,,176.40239678449925,17.779630093324702,452.5338354860098,46.399889133253055,117.04947004442734,15.435034810055678,41.60507005669371,5.372014029191242,0
2015-11-20 16:00:00,8,152.144668500561,514.243605047235,100.488408621324,31.4605263346991,model3,16,,,166.25348088860025,17.10049139046705,438.9162263313817,51.44564293020419,96.59410874865571,7.228933666332504,40.0616751000438,5.54771985100987,0
2015-11-24 13:00:00,1,178.633309979844,433.672508799299,103.555499290661,41.9252528545936,model3,18,,,173.87392177003463,15.162301326846704,462.455119619211,50.08031724665677,102.18180419289656,9.743028593170395,39.77065922904589,5.040675239500414,0
2015-09-16 15:00:00,50,183.363614875173,464.619997932346,99.6127668354201,43.8655271869905,model4,4,,,170.4125534990316,17.34449078369675,455.4861374767633,50.60814104459507,98.06339726990524,7.802129506567704,38.45567268885977,4.953691979258728,0
2015-09-25 07:00:00,63,171.437542590397,450.254789991516,98.5044119823406,41.2151261725532,model4,14,,,174.93633109404558,17.01137491150099,439.218204129236,57.68295334684169,99.83737747507436,9.670130280636169,41.87235994145016,4.207394889491949,0
2015-06-14 21:00:00,87,195.624199091448,507.680721876953,117.8153087975,38.6248947432433,model2,12,,,173.1602749835438,21.389996588104303,457.5631250259931,58.02821615238221,100.76581206554069,9.149079549709624,41.44645331783982,3.689854034309049,0
2015-09-11 12:00:00,74,180.192682942688,391.528499115501,91.2071972114379,49.7217752439215,model4,4,,,173.2311675792486,10.904173366717972,437.6554110339944,55.23133365625242,96.7763036983223,8.547300585602061,60.36151089825578,4.931681903247664,0
2015-11-19 03:00:00,90,166.482055894142,410.061576647939,92.0439078761862,36.1070375154028,model2,2,,,170.13617663489745,14.766518678148364,460.7926625521868,61.6561795615866,93.76763421805198,9.779290841343,49.09365800411848,7.255433091114008,0
2015-10-13 14:00:00,85,176.780058281719,529.543906506171,90.4395521166317,36.5963484376086,model1,16,,,173.4438563799573,17.178943445766873,443.874295445579,46.66256733992972,100.3991623860765,10.301056792255162,40.1364887247139,5.95390181258826,0
2015-05-22 08:00:00,46,148.41864293906,387.273493466366,107.508889090268,41.3420016999923,model4,10,,,168.37892120495238,12.977383545470984,448.4827975836642,58.221036487976825,122.70960024218724,11.411652968677766,40.61639700643059,4.18829473981771,0
2015-02-12 22:00:00,64,167.222104864956,372.75335521361,89.2907355016801,51.5449740005443,model3,20,,,169.4947999003356,17.02551190271829,448.1678981154951,35.920741378690835,101.97379762327552,9.755957106464711,50.04451472276773,4.551602946423452,0
2015-07-04 00:00:00,31,164.769513304358,399.782986823741,86.4259635764204,39.5243675335385,model1,11,,,169.91173459318347,16.411407634759897,457.7572870501693,47.89498325191632,100.61813817380882,10.27344743866036,40.46865996219598,5.138433863627255,0
2015-07-16 12:00:00,10,174.325602897893,492.483178548638,82.6096560878699,42.4430622895357,model3,10,,,186.0492815670941,20.23848655716088,447.0795866250121,50.42841745461453,97.214600509668,8.777655866597371,39.20960895865231,4.597707605497821,0
2015-07-30 23:00:00,76,178.314878438643,523.480853617187,88.6764410314148,34.693007015177,model2,10,,,170.05033954617198,12.650105554823815,439.2120421445396,48.533769748140536,100.9079742471264,10.424536796660474,50.0931698776056,5.453034226579274,0
2015-01-03 11:00:00,66,160.846727089039,448.644278127866,97.0457729786944,39.6494088754691,model4,6,,,165.6064239917234,18.247808233875062,447.91817954513886,45.14530373764714,98.90790194274436,10.112971199164384,39.434237487865886,3.9873150556366297,0
2015-03-22 22:00:00,70,199.878923920267,477.106990955291,107.328020103816,31.4368484026692,model3,9,,,171.26632277087927,16.99539385812736,453.6600910302875,43.61936034863934,100.92207671530296,10.22133029085537,38.72860221065175,6.169710711785322,0
2015-03-28 04:00:00,77,193.449959917778,379.990731852874,106.474742030701,44.6508945177321,model4,12,,,168.9544260657612,16.947093546413782,452.2456484127367,58.21893039638034,101.96799299427578,10.41344314149412,40.83437164242209,5.523934945696333,0
2015-03-23 03:00:00,85,183.743098899608,418.486200014594,112.857793685641,37.8058337801396,model1,16,,,170.18707595107847,17.99917566395658,439.36656518394426,48.26813491531118,104.50250665746243,7.8747045903070205,38.73215230819407,4.480518874331184,0
2015-05-10 09:00:00,40,157.017777202969,383.682187771238,85.5880454907199,38.7801541902019,model2,4,,,168.5806830107468,15.396409660879575,430.5370513435305,58.56565213381939,98.34182971157884,9.265885474799209,39.65213211977137,5.71890610469043,0
2015-04-28 12:00:00,33,144.437932580327,447.246278199091,119.051500664862,36.1962709559964,model3,14,,,172.7590771809555,16.056954865734088,440.4637728820787,34.57913571181823,99.40094435112763,12.58247386910913,39.79277111245803,4.678043033091626,0
2015-06-30 06:00:00,97,146.616625857033,383.428789226937,113.659598197759,42.3760240262373,model2,14,,,163.69246855956362,11.25731452015335,462.3078071822932,49.24717743652639,100.84972231846147,10.13559277253232,38.99264757227737,3.6255488072597983,0
2015-12-11 04:00:00,57,172.592283476865,420.689525569176,114.949474207587,38.6415841021801,model4,10,,,168.85992261388304,14.440175555504169,450.4310032914124,41.92164967637967,98.26027241914755,10.284921337909156,39.37370701441397,5.120676233840065,0
2015-09-07 21:00:00,84,171.113306572805,474.479272677704,106.249791735607,43.2988795695327,model3,9,,,168.96493477945185,12.50731704145767,436.3854228012887,48.89469259959831,97.55780945571662,9.134741429956494,38.891562273974834,5.783540284339424,0
2015-06-22 13:00:00,33,169.252012840192,405.752278007118,134.990241064465,38.0933998488454,model3,14,,,168.43368080869922,16.633995761114114,438.7443008336527,52.00540684719687,128.04612129755637,8.675322611203507,38.73576938042874,4.598842672819638,0
2015-05-18 22:00:00,37,162.887137500213,469.706488849294,138.501330185732,47.7200799082457,model1,16,,,166.61610730212217,12.214601674335238,441.95906782280144,48.30733128040647,127.19799750262388,11.44200555950916,38.93003773121244,4.238659177805262,0
2015-10-17 03:00:00,10,161.499297185548,463.400600200708,97.0340067648168,37.8237264343896,model3,10,,,168.68750613280605,14.313901715595057,438.448895314629,53.68963378961141,100.48799138946003,9.917057955496988,39.53126478294227,4.786362869899451,0
2015-06-25 22:00:00,27,140.325011115309,479.680557652199,111.328293233587,38.5367676667478,model3,9,,,172.6071603318734,18.44812218945373,456.2701483388532,54.36628690450636,102.05335406162595,8.67838346693106,38.56595481557726,3.797889044067236,0
2015-04-28 20:00:00,35,167.810527288368,431.800497004547,90.6830553956134,48.0058609984721,model1,17,,,167.62410372062718,10.00649550300249,442.9618469917345,51.694527878724536,99.0032231756936,8.536913113077256,38.65879150231597,5.543772340431598,0
2015-12-31 07:00:00,65,182.897750705634,463.40011315586,104.712264470335,43.3928863956309,model3,15,,,176.20230572376911,16.708246165357615,432.40979446014256,58.83187321450204,97.64997858496804,9.332157364001668,39.3204614632954,5.650985950217016,0
2015-10-26 02:00:00,79,183.286577371243,456.883302559462,94.9832180133401,43.892242612151,model3,14,,,171.91365748913165,12.170900479047914,440.3087378920948,51.09181918248164,100.4121519744976,8.654367397685151,39.83348467401638,5.616342945025125,0
2015-02-27 01:00:00,33,157.857109198749,507.971325166819,118.151359101531,40.6864552169901,model3,14,,,169.30000851617362,10.633186913253809,445.4051861135243,57.46443806215594,98.87592879909232,13.044256225005515,41.43371424721678,5.460976785360917,0
2015-04-30 04:00:00,52,165.993097093633,496.274809075433,95.8521653826082,38.7480841643004,model3,14,,,164.41732214823926,11.27214803632136,462.6800225491931,50.17673965467189,100.15114804216392,12.187125010733222,40.184108182188574,5.760158936698385,0
2015-04-30 12:00:00,32,168.276693994692,444.165506629253,118.580280339868,39.7588316323226,model4,15,,,176.13865008584943,16.259888712870527,449.9022990751197,57.87769057856641,99.37294910786623,8.434420373889516,40.89351148262082,4.852442486241576,0
2015-02-14 13:00:00,43,161.920647765321,380.102199303769,101.612433794745,35.3179374567093,model3,14,,,171.7461507034117,15.862296296715275,437.622506749626,50.80814446479305,99.89756522311916,7.401158565291766,40.25308260274095,4.380904991000461,0
2015-09-08 02:00:00,84,186.000373722784,447.265184388977,97.92980544085,36.3293727342215,model3,9,,,167.76618048244725,14.020187705826096,434.1319132161877,55.65479602838688,99.75034843988324,7.189480009467919,39.34959091539176,6.037827041932718,0
2015-10-05 13:00:00,58,174.346931662648,405.708915025634,90.9199760218706,40.7347387048833,model1,5,,,168.2497723838443,17.434352904036103,452.3898044772929,42.579741993451606,99.64562013226858,8.563658455216862,39.51664715344147,6.0404257927180085,0
2015-02-11 01:00:00,81,162.643280997712,485.186174704727,105.805536436682,47.3567821408272,model4,1,,,166.58337163609212,15.418252508252504,455.1924227859581,52.16243781442476,99.0388870820344,7.344872302685358,40.76957213640844,4.859318792086859,0
2015-06-18 06:00:00,74,160.836697513979,397.569243083762,88.451685358111,43.3082190448138,model4,4,,,173.0865022542629,14.324244062072102,433.53874747573417,48.406100981965984,100.5645087951688,12.284858599277278,46.91632298482162,5.2894099265907695,0
2015-07-23 10:00:00,22,189.180232873718,370.436674796631,92.2032318037908,34.5245904703417,model1,14,,,175.6076957301001,11.114410828255192,441.7746964235816,50.50278320738533,102.68985321523162,8.017298772245498,39.35107176860222,4.968575860880953,0
2015-08-10 07:00:00,86,151.847934845986,422.001294232459,89.6902766821591,46.3855844848034,model3,2,,,164.47236394741716,17.42183703364863,442.29402558863165,32.45540521331982,98.33118734159642,9.515771966800076,41.55042390712342,4.616413077600838,0
2015-07-31 03:00:00,40,171.82429053464,377.525248072637,102.694113920585,39.0783170249808,model2,4,,,169.38092128049826,10.8209910877292,445.10333524379695,55.74981340943828,101.01743160995812,9.097102963637797,38.34207960046853,4.94969072545799,0
2015-01-09 12:00:00,34,164.857225374726,326.14279224938,89.7677363610025,35.7954803882762,model4,10,,,170.04693707287,15.333527601732428,438.2538023875627,48.971261383106736,100.06907830759847,11.080155798931075,38.9192471733882,5.636019949059118,0
2015-11-11 06:00:00,18,144.247329633519,474.08446755654,85.7181383887084,41.3512517987364,model3,15,,,169.47652494776085,17.240736459752032,432.9784297480479,44.9826125688266,102.05554156801928,8.872057251962225,41.82040702003656,3.2466653906774248,0
2015-06-07 13:00:00,90,176.205833420672,514.862858804382,114.284156196391,36.9109141724595,model2,2,,,172.52701276799334,17.196645847533226,460.36093103688887,39.82520259352342,99.4672204744144,12.191085214848297,41.054487582830255,4.354068172084825,0
2015-06-14 01:00:00,75,160.135030108678,424.009709516812,100.726417787758,40.622888142112,model3,19,,,172.04094348009892,17.643282362209174,436.35316582170776,50.56350275617418,99.13624108317084,12.677141343555329,40.681973694953,5.019391363689284,0
2015-05-30 19:00:00,37,187.944054167104,448.900429799994,108.824035168256,33.2374149683577,model1,16,,,171.70701367207005,15.233566377119208,446.3772989290135,46.83311697039855,98.15852561471613,10.243195956046206,39.437131240929,4.956099183234174,0
2015-06-22 16:00:00,2,181.591059916688,449.393609461614,115.895192976408,30.5120556191616,model4,7,,,170.02198257955442,16.44339668657741,448.8488448231694,53.642234192908994,99.27408748898505,10.490378651362212,39.41476759045137,6.648021175455984,0
2015-06-26 10:00:00,12,185.639093221862,486.725237579988,102.078052183005,35.241689234493,model3,9,,,164.60814497164392,18.50154981039125,457.11143217285456,46.510953521802186,97.65874049874508,10.682796250746016,39.0198127644881,5.079388675981344,0
2015-11-24 16:00:00,94,179.381529311277,399.382441052431,91.2545461177809,38.0374031699174,model2,18,,,170.92719432214892,12.81770573042465,459.5425829591688,64.82146889847982,99.93131483824472,6.994900247424292,40.63837176982246,4.522616945369516,0
2015-08-05 16:00:00,63,184.402928209781,448.51303082751,87.6004400112538,37.3442225278338,model4,14,,,172.2451069633382,15.893680154699334,468.1374800541707,41.3046423272925,96.98262528989692,9.497493803191716,39.3748640363469,4.032692350838851,0
2015-08-29 01:00:00,13,148.521169797941,565.94296953225,93.2618599347121,37.7505334774807,model1,15,,,167.63261043020754,13.885789434181673,445.3783786162591,51.8698544683991,100.2531359069096,7.3906714861109055,40.35947013217073,6.152916609051682,0
2015-08-04 12:00:00,100,182.606635789826,524.205044475617,100.649311823335,40.3226335629503,model4,5,,,172.06127581896612,16.97761473814677,437.5822866641777,53.48064249272889,100.60264927255798,10.090734090715062,38.630840903324206,3.9126696362230464,0
2015-02-17 04:00:00,73,156.119059306322,479.395501098347,114.086065738538,41.1781149292775,model2,20,,,165.31451414060862,16.766246874920757,451.2857714129321,44.5013380973891,103.21962294726328,7.848736323649234,42.91551654759349,7.281701796550045,0
2015-04-13 14:00:00,46,188.700101977447,435.44118435953,111.328239848031,47.4055823083493,model4,10,,,171.8191316250742,17.22987988255083,448.8925731473667,46.19489064854699,104.02218289939736,11.13898154329478,41.39967756925744,4.925657321484509,0
2015-11-13 21:00:00,22,157.723188934068,431.701023154284,108.998552848498,43.2406319883249,model1,14,,,163.78570973911573,13.968951628790997,461.8516827677191,55.95055402188507,98.87786354499444,10.787258513021662,40.469181670452194,7.31570330476412,0
2015-05-11 11:00:00,2,158.619119447776,492.754980884853,112.267277084614,36.0260804085987,model4,7,,,164.28514530345913,14.086362101442756,441.7409307872448,59.85360712685947,100.07372603775563,11.57976489766282,38.69546807165468,4.258684407397917,0
2015-11-28 02:00:00,70,152.933165397331,520.732821715096,146.047912960194,43.5396161449479,model3,9,,,170.46240212947905,17.516976469476667,457.4158712644064,51.35190738856328,125.73410751580631,9.385266778599435,39.823284587061096,3.9312205425762814,0
2015-09-05 00:00:00,49,176.495618408662,491.730074546549,101.448887136301,42.2665961428975,model1,15,,,169.02728079772842,13.870857823864318,443.21508799093976,51.94171311735278,101.7014567009977,8.68606966119287,40.38765889585897,4.164765929044851,0
2015-12-06 03:00:00,63,169.966111638997,429.949577663351,103.277278147799,44.5925997265425,model4,14,,,168.57501323109065,13.79985870045344,448.1557002180814,50.339348351389205,100.09318262032184,11.55013517806662,48.95921038331763,5.967740282905262,0
2015-12-18 18:00:00,66,198.493677867688,532.843876969945,81.1238375649441,31.1937252415672,model4,6,,,165.03835556579446,15.878059886074396,471.3429138619105,44.720231008507206,97.34360569988966,9.149519782028,39.39504789482223,5.0370761945315605,0
2015-10-01 23:00:00,46,185.372566402175,534.565356214259,107.900949988075,37.2090131250714,model4,10,,,188.5784109716344,14.20458420524392,452.9011233668292,36.4325118281504,98.52636559863316,10.04541566011206,40.19851720205684,4.219204556449638,0
2015-09-07 21:00:00,97,177.344560807988,412.853831163221,110.289397553812,44.526979284758,model2,14,,,177.7375143930058,13.800263696847647,461.63077459866776,51.82846578875862,101.34556158691896,7.803401338476202,39.52125104706021,5.079540151248311,0
2015-12-04 10:00:00,40,166.334560014421,499.559519544896,116.029363145383,34.1434423634655,model2,4,,,169.3823873937262,14.026241480633862,466.8867466014431,40.01737344507155,102.6254066615371,6.300608837535374,38.92982944449738,5.750065570628903,0
2015-02-27 22:00:00,72,183.924182540375,558.994323551018,108.349991615793,34.594377330613,model4,2,,,168.8203725798214,10.172329242109848,465.79679582057565,41.034402075361605,100.568358970119,8.772054161942137,38.411490398719,4.8000132398679405,0
2015-09-24 09:00:00,68,163.464859557903,371.525890463997,87.9304795773003,40.4708643385575,model3,10,,,166.720040743142,13.407392530677804,449.1587168006295,59.752132149520754,98.59065326417176,12.463703705701043,39.3407465136061,3.4849289053385006,0
2015-08-02 05:00:00,87,170.5321348227,524.032125186089,105.252281738374,36.8768509389001,model2,12,,,172.51895811711032,14.386665723068162,440.44964483184646,38.483327946146346,100.15605427906502,11.192588122410603,39.83409063582739,5.646132788838528,0
2015-03-19 20:00:00,91,160.515003631905,426.632000862184,103.195936068781,44.2455582292458,model4,17,,,171.3945600182171,15.669149862073088,451.5689144011948,41.38731214383322,103.3162669211667,9.684613110675176,40.09780910059743,4.990346086883604,0
2015-12-14 22:00:00,67,156.796092578551,412.778970723864,100.686494414542,45.9097318684973,model4,14,,,170.2565298190931,12.147995978715455,447.153666141471,54.08507515371434,102.98447811181086,9.706768511112768,40.53194901922621,4.59326878697967,0
2015-11-09 11:00:00,48,153.751455747711,439.538158900192,121.867637666391,34.9358903653554,model4,10,,,174.74389189695032,13.95109440841456,455.6743169476459,56.71142413399742,100.45849370042048,10.017884171631769,40.019032935723935,3.769090160277748,0
2015-02-24 10:00:00,19,193.998457945867,404.168184448255,89.0482190594483,39.3010007103339,model3,17,,,168.38432778236347,16.125696687662373,367.7669365756812,41.54195480682392,98.6585042222492,7.907969752171278,41.12032652812189,4.232055209166929,0
2015-05-14 01:00:00,18,173.414356243281,457.421642982445,110.742931627389,57.7957325751155,model3,15,,,174.68306779649689,13.493725076718173,450.2430968889392,60.992024487126926,95.04403496106124,11.006568718270946,48.01926980824265,6.4617133528697,0
2015-07-31 23:00:00,52,204.243624012621,413.13386150278,101.331837152515,32.384402216007,model3,14,,,175.86655830895225,16.106357794326,378.5724923756461,56.158764284618165,103.8853715296508,10.139661733212476,40.4391316433212,4.9414423360988,0
2015-03-31 19:00:00,17,182.486915766648,339.338637729621,84.2868754265237,52.894529071416,model1,14,,,166.07923552222124,18.871379350224696,364.4981577301979,59.74649459433108,99.66966141169112,10.676789614315796,52.00309699416213,3.59812554104421,0
2015-09-24 15:00:00,78,158.300488347365,442.606242836001,112.360015754266,48.5113591894068,model4,19,,,174.4623516468961,16.464477098291106,454.5424361936103,33.79547243562048,98.02004595881864,8.689285913924616,48.84628358932603,3.527983702794588,0
2015-04-26 02:00:00,68,174.835833106163,492.374790762643,104.592231596999,44.2967719977287,model3,10,,,168.08052449825283,18.154578729085028,457.2561047425909,39.139725606564845,101.3558436793416,9.086356658140897,40.43763077207148,6.326299202346978,0
2015-06-19 10:00:00,30,164.739336411814,438.400356652322,97.4745851360809,38.6887052256999,model3,20,,,168.04182709683857,13.970023206560947,432.3661935118667,48.4094252753724,97.59034918576248,8.288313772950435,39.52191582589922,5.604469136421038,0
2015-10-01 15:00:00,84,190.149946632119,412.272026821389,127.979190596892,42.9973520905482,model3,9,,,193.60105066207453,14.834064486311153,440.5881970594194,43.86520214106404,106.530846019505,15.366673278890907,39.91319033886082,5.445793215717712,0
2015-03-12 18:00:00,46,170.854867471222,554.076543083219,95.2522804725209,39.6435592627594,model4,10,,,167.8299994083713,7.284048181761451,464.185782487954,57.88952004014769,98.89339419773825,8.56051476771794,39.8089888409614,3.90615189357084,0
2015-05-08 14:00:00,25,162.707355174167,446.900341404714,97.2485205710815,36.4470437808493,model4,16,,,168.99452589066863,14.58343460481604,433.7433224254018,36.78574792597219,98.79804753235958,8.974230089390867,40.52891261299995,5.45463740268275,0
2015-12-22 04:00:00,43,170.873088484182,464.322618082286,109.960304722414,43.9886050080648,model3,14,,,170.67743885072414,14.803565809439428,423.0858253206916,44.40361877825314,98.44086185083104,10.679885264323064,39.56615963342344,4.364555488499817,0
2015-01-24 22:00:00,72,191.984502125369,456.531243988325,100.906727905944,41.8677912893622,model4,2,,,169.9091530635812,16.017007822937497,431.8185938175859,46.052136036227054,99.69613290445292,10.32982177045006,39.54465644674275,4.886310208796452,0
2015-06-13 04:00:00,81,163.421786103161,495.832809668451,89.8784841638625,39.6597023127957,model4,1,,,163.98651535444458,14.60085610769576,470.2915743125059,43.411423959493,97.08179799479366,9.119326451042769,39.80883047811693,3.8080932906031912,0
2015-10-04 06:00:00,74,182.123617449116,487.823766206149,101.945344253116,46.4003798485557,model4,4,,,171.79761642057545,12.729374324486487,444.7108194835084,56.739718784263886,116.79343607767548,11.745421978570178,39.24461047883447,4.2777104439760745,0
2015-10-08 04:00:00,65,158.137858785816,369.99471505608,106.739023796056,44.7886654336634,model3,15,,,164.72553261481835,9.837131574274906,373.0129207974116,49.09979448013954,101.72656364883083,10.879158631093922,39.51206278395616,4.262955452577011,0
2015-07-12 04:00:00,28,166.188924121124,437.93856981892,95.4622758648592,38.8407339037123,model4,1,,,172.14466771418225,14.265105952362385,445.58333389665927,53.17910946429546,100.12511430427811,9.14017831443766,39.72677051465618,4.475760544035222,0
2015-07-02 17:00:00,66,172.000241756272,546.362794415775,91.5198369272379,30.637532006888,model4,6,,,166.48495942324902,10.571452361488438,467.0246448231782,57.95626706147679,96.87857797823948,11.518630429180648,40.15733494624256,5.33145239003009,0
2015-08-18 06:00:00,61,179.541673129781,502.714452798171,102.814555210174,40.5187762942144,model4,2,,,171.94493324739992,14.112733279354952,456.0160852624151,51.52885120647496,98.30709369442968,12.874840693139673,38.58538341886805,5.049437918693699,0
2015-09-10 10:00:00,53,161.015388296123,426.463731661581,93.2950173450693,36.3324141980007,model3,5,,,168.6166352708274,16.060429479216918,444.6565065374563,48.84894619677609,101.44246570271277,11.164476117998737,40.47525513741492,4.373607645487758,0
2015-04-09 06:00:00,100,146.747639655232,451.361847987526,98.5069750773982,38.390566050861,model4,5,,,168.1265065853995,15.290086861480368,445.5891085526249,46.4160984703171,97.61383215385668,11.923315635756774,40.41077039819078,4.219588733282813,0
2015-05-07 06:00:00,99,190.331727229833,375.173542372832,90.2899010564464,36.6344469321484,model1,14,,,168.45857283272005,17.01886916446481,440.3092348487974,57.32541326526041,96.2000022369112,11.227612400309257,41.25325064317686,3.912674636393882,0
2015-07-25 14:00:00,26,182.774784661601,487.585139944494,115.304000412592,34.7317580558611,model3,3,,,174.50744341837313,14.984802718875684,455.0201330793249,46.16976102721181,102.9194664152024,8.005451469411506,40.70252069793404,4.164719687093083,0
2015-12-13 07:00:00,61,189.614338790973,464.746655975206,87.556902866836,41.6063376933034,model4,2,,,181.78147475329035,19.485823730015813,443.6311390967418,41.635020839440045,99.84541134854884,6.874916299784815,39.49674809834644,4.041411084372724,0
2015-11-05 22:00:00,74,141.867300031303,470.633058739504,93.3322859964799,41.3905362370787,model4,4,,,171.79725467676704,21.33123976567456,453.843406816394,46.70833377970145,99.14093499668232,10.8968905110458,42.24995531044359,5.282016532727947,0
2015-01-20 17:00:00,39,172.447277693993,505.798630907982,104.099776968034,50.5390880499168,model4,0,,,168.36368573990623,15.652819571561302,454.28519849732834,45.227687437624525,101.51990022855716,9.57952186098842,41.9943614434788,5.593296220402606,0
2015-05-30 02:00:00,63,169.662620512689,447.252806784552,133.607672555426,46.1420804052184,model4,14,,,173.23186084421687,15.694588418318627,464.8626803434602,52.87180531365376,99.85352635055928,12.924079915462013,38.455785775792485,5.2996463517744505,0
2015-08-31 22:00:00,12,169.612975784917,410.108585919266,93.976352142786,39.746117668207,model3,9,,,170.80661870238114,13.568605100011458,442.3658398957599,55.44735215823816,99.18601848454192,13.05838845636523,39.74194798357404,5.280815645475739,0
2015-08-25 12:00:00,3,153.337584316485,451.149830854394,106.685960266006,48.6008547960568,model3,8,,,164.47857480684135,17.15789430008187,442.1951200894766,41.53864126485189,97.85713358413346,9.556807936695622,41.31694108287468,4.067758366451384,0
2015-04-14 16:00:00,24,168.284082046402,530.200104268825,104.107461191417,40.2355981536758,model1,20,,,170.0886642243738,13.54726588805803,435.9638233792735,50.90293084072497,101.60026057794482,11.25852945445276,41.83671382983896,4.65123973748056,0
2015-07-17 07:00:00,83,166.129020945282,426.272502709391,96.0971501335341,38.2391223328073,model4,18,,,167.18209149220542,10.81456744140716,449.6003641068243,42.494661234133495,100.14835957672136,7.734236463550855,40.94434476325634,4.753209005250665,0
2015-04-09 23:00:00,79,169.529778502921,387.503746258074,122.069519785953,45.3209998795662,model3,14,,,165.27839525778847,15.962228771772525,424.1043118629521,44.57694781926671,101.88468959906312,11.76107003120084,49.12377205042315,3.951630749522245,0
2015-03-06 16:00:00,44,166.476234842301,495.90512236932,115.275993968877,40.7633178239984,model4,7,,,168.846309542523,15.429218897952468,446.8906453454416,48.5275052910819,104.51091242370454,8.344222671973421,37.93122362590812,3.2643895420001066,0
2015-02-09 02:00:00,47,187.510539076544,410.497654001959,83.7566017659498,33.3163664014932,model2,6,,,172.67262071366008,12.667054569838202,441.2810443407272,54.18816282334435,95.9537165356527,10.735245582130156,40.794361224790165,6.180705714103031,0
2015-08-15 21:00:00,83,180.675065550315,462.06627285969,92.1317636592744,45.5182101998106,model4,18,,,171.85582072302523,19.07341982495026,438.660024611618,57.02059747218127,100.54256010633851,9.565756468989845,41.38848422632669,5.648146228304588,0
2015-04-09 01:00:00,39,153.269151188881,468.294534841204,103.675337354712,44.0499367098733,model4,0,,,175.86887803553887,14.37746707878068,454.69924237581216,51.32689117659133,100.19058913727837,7.3530409795713,40.87200260693209,4.7103331060288784,0
2015-08-14 17:00:00,84,180.934393558343,456.273590237723,98.810776490754,39.143878234454,model3,9,,,167.94113007767405,15.157180587336851,461.4800974061204,51.19209580298905,100.57430321310277,9.5505284376681,38.590014397374766,3.911558100266568,0
2015-08-12 23:00:00,58,159.919767945789,508.987202771979,87.3456318101912,34.6503679151938,model1,5,,,167.87685142813413,16.21112809301823,452.9594850063884,49.87607998342244,101.47675129132148,10.60624082082154,40.41547386371582,5.044912395574378,0
2015-01-26 08:00:00,54,181.49139487713,467.227927434567,91.6609041400503,45.0565107438893,model2,10,,,169.2693273221478,11.695745602835714,443.9981842368997,62.890222293165735,99.0369225338046,9.754587261848178,40.602118447327214,6.2879941934836365,0
2015-01-05 03:00:00,52,150.507902361318,463.637466669303,103.779851909296,36.1890612247955,model3,14,,,168.92115372728088,14.86024177176222,466.8999828170863,47.25191546191489,121.06857438285084,10.256432225995129,39.92315349506335,5.227019561984761,0
2015-01-20 11:00:00,39,180.697112987225,446.040116642144,110.965311389556,47.6987700318046,model4,0,,,172.81158724198733,15.734555668195217,449.78646038534765,52.79043704901376,100.60690179924003,10.137020737461905,41.021830558727935,5.444240203642485,0
2015-10-11 03:00:00,81,161.489655418728,338.145928974967,118.623512865737,41.0487884056744,model4,1,,,186.9191373184063,15.783964976299073,459.1419098821287,59.71237222778571,105.03375159498268,10.846310181375609,42.26788851200899,4.595083734017535,0
2015-06-10 01:00:00,96,149.767424273301,460.98110241997,86.4320748362006,47.4207500849706,model2,10,,,173.0867864014984,19.201760631633277,434.8271008283296,47.97929919658809,99.5143509519134,8.09207377830104,39.54325424545984,5.677248623841846,0
2015-01-17 02:00:00,57,149.501421740659,502.299427576324,102.874670020725,49.2518248446513,model4,10,,,170.84642249455337,16.380726466722347,462.584762401311,48.63623093144954,98.9315405081365,11.308183372594833,41.65452119909991,5.955472744698128,0
2015-08-15 20:00:00,17,178.261042116631,455.574755288786,108.699110195183,37.8821954988049,model1,14,,,173.75384342766486,13.529974722912248,443.087386498556,49.78160641545157,99.7255194617303,10.658115836647564,40.23572464906787,4.848592469449647,0
2015-02-16 07:00:00,100,156.410834695558,470.561790242,93.0381643084906,47.4176037637454,model4,5,,,168.2111790300104,19.352329755519616,454.20463191300536,51.744748758341686,99.60519507161348,8.869144651863062,41.32627995247992,4.696106310253803,0
2015-07-15 14:00:00,43,160.514168871146,370.129327755682,96.4954570078263,43.5028189333917,model3,14,,,170.09379502302747,14.704450192376424,437.5782581129237,49.972497089407405,99.39676051965904,7.862515880277895,39.78902230365041,4.371983695716706,0
2015-05-17 23:00:00,77,183.372348777559,504.016855834496,82.6960537021566,43.0999745674056,model4,12,,,175.38717515789187,12.854333933053772,452.0608609303585,42.73695263370569,100.3452755591361,12.199666115959548,41.03843081664815,3.8736541470310217,0
2015-01-16 14:00:00,80,185.859055609823,376.31878568833,92.0575177982817,50.6907092264862,model3,6,,,170.05935441610123,15.245848282093023,447.3353772142188,54.0774491589771,99.63565693270046,8.005096041191617,41.48996412299218,5.559107773890409,0
2015-06-25 01:00:00,50,161.220667060519,379.952818149032,113.311971547551,42.3073910994236,model4,4,,,169.8449946411627,11.228951405307829,437.0490411766434,42.881847654316886,100.49421938555076,10.76321436382605,41.43057589448193,6.200724869362056,0
2015-08-02 23:00:00,60,200.917140012922,431.810849528187,100.632836334787,50.6030750075885,model4,3,,,189.42193168055877,14.169791742174263,465.3426962123718,62.73843420110923,99.77179343176353,10.065685292685384,40.19562339075091,5.187664038460159,0
2015-05-23 23:00:00,57,167.475116563413,503.279747286147,100.701306599881,34.1010986276217,model4,10,,,169.9947084504456,14.652083510216716,451.7979712331209,53.51198064501744,98.83004924671398,9.260022217827974,40.56215345047362,3.995880115999595,0
2015-09-01 16:00:00,44,184.240725334197,452.759676548418,107.458035744977,33.8546797049837,model4,7,,,166.96300068067538,13.531281058980978,455.44993686616925,45.80610139099767,100.51631814643248,14.078833210216368,39.06162649171534,5.178016675576001,0
2015-11-05 19:00:00,60,168.102275074716,415.420112118187,106.61868519087,39.4485945087956,model4,3,,,172.28472285424755,11.86050564197447,452.7889297446499,68.86707322551867,99.25231696143726,9.90403848688241,40.34206935259072,5.747697968770831,0
2015-07-10 16:00:00,12,154.700941362884,522.613046801604,113.596483995989,42.2888530076934,model3,9,,,174.0383111793942,21.69997318321677,453.0384478590133,67.49118857000036,98.66943750583263,9.566113655403472,39.70363930284001,5.123711919894119,0
2015-10-13 12:00:00,37,166.418366403121,425.723021619349,100.298556187421,35.0640511997162,model1,16,,,172.8416859643746,18.7730768842277,448.0400478180968,59.38282397593813,100.0700952667804,9.973519098285104,39.276372482732064,3.799459399835104,0
2015-08-30 14:00:00,30,191.970535182568,417.829017801379,99.6405428310701,36.7431079526313,model3,20,,,171.84216001667107,17.767914199209933,446.2098150115469,43.77663088326215,99.13985491384211,9.757527430697586,39.16073932878135,3.9521664072623848,0
2015-10-07 15:00:00,62,184.764458014545,430.185549045847,120.165308115297,34.6976156350756,model4,20,,,176.09171912632448,12.647835053114294,431.35199521583513,42.428793911034745,98.33210216065233,11.846005480279787,38.99296695814977,3.5676566583534366,0
2015-03-28 02:00:00,80,209.827105473947,395.861181290747,116.125509558194,37.886107498655,model3,6,,,170.93245475265235,17.22907881357303,452.06070542425647,58.424430926871246,103.43655015844963,12.056326047113195,39.62804265856777,5.214375501143502,0
2015-01-04 13:00:00,79,176.412340300751,392.744275505718,102.9149281149,35.2624440121562,model3,14,,,170.91060170878816,12.695998538035507,468.5035827338343,46.75351710558634,99.6941403121482,6.743327160922006,39.6087425308671,3.948938926260396,0
2015-04-26 03:00:00,74,196.161052374111,394.856222946295,88.6758991627724,40.0091597664543,model4,4,,,182.0876832235447,16.37436179945407,434.3134430418365,47.44192246823225,99.25072319432137,7.534057597052323,39.8355795007118,5.429963228789072,0
2015-02-24 03:00:00,90,178.995802332213,462.792615199706,120.322535587324,30.8551404985168,model2,2,,,164.4653101965469,17.50017961819531,448.8633148041328,44.35254239727008,99.07661094999668,10.804281591862155,40.69857605714459,5.120785158209709,0
2015-01-21 01:00:00,27,143.087026103254,390.360821439865,103.141172623497,40.489069195057,model3,9,,,167.65082516408955,15.323659078494815,432.4439309559002,49.11909846907733,99.43458028820508,11.860887412433224,40.68444824880522,5.019943531866589,0
2015-06-26 08:00:00,29,181.132012810612,441.573508877815,103.112890952684,41.4983676682733,model4,3,,,171.70596581987635,14.416957984404997,440.5601538398501,47.0144096062983,100.31101842629695,8.106553866386378,39.32656976222821,4.798921031786711,0
2015-07-22 20:00:00,96,170.940780395004,502.230068106918,106.557079023119,34.8948122675028,model2,10,,,174.30080134802486,11.494462306026092,455.3352259703635,51.41051737917497,97.99389702421615,7.528044497838026,41.57732389041043,5.028540107177845,0
2015-10-04 16:00:00,59,135.526149459807,437.164229023357,111.285224252194,46.1098186963317,model3,17,,,171.8191604577186,18.15435698618222,467.62113255744754,46.20221014478801,100.51278103630096,8.160518491851132,40.36189890299662,3.909747761371737,0
2015-11-20 19:00:00,30,162.861657592791,361.73864913915,94.9070126650367,35.9788916108942,model3,20,,,171.31656120847802,15.277400621012696,433.2931249604365,53.76257232974274,100.00664660726616,10.587290540321854,42.3514395917547,5.876590012297083,0
2015-04-07 02:00:00,24,153.308639511465,503.578731565825,102.542438911251,45.0211888665241,model1,20,,,166.34856884380756,14.407766817755828,443.36545023208186,41.454972004162194,99.61136383228984,9.369319418425352,39.86627799559308,4.028652049821687,0
